rollout/ep_rew_mean,time/fps,time/total_timesteps,time/iterations,rollout/ep_len_mean,time/time_elapsed,train/entropy_loss,train/value_loss,train/approx_kl,train/explained_variance,train/clip_range,train/clip_fraction,train/learning_rate,train/loss,train/policy_gradient_loss,train/n_updates
9.0,20209,8192,1,101.0,0,,,,,,,,,,
9.0,7664,16384,2,101.0,2,-0.6870713456999511,0.021989129079338456,0.009714846,0.09958148002624512,0.2,0.0418701171875,0.003,-0.0029959764797240496,-0.0012228027280798415,10
9.0,6401,24576,3,101.0,3,-0.669566401373595,0.007048480255389222,0.010468841,0.8093251883983612,0.2,0.11422119140625,0.003,0.03727345168590546,-0.003109698842672515,20
9.0,5904,32768,4,101.0,5,-0.6782235621474684,0.003070812260875755,0.006895747,0.9392062984406948,0.2,0.05609130859375,0.003,0.01579967513680458,-0.0006451204480981687,30
9.0,5647,40960,5,101.0,7,-0.6812017459888011,0.002572898169387372,0.01163067,0.9801241979002953,0.2,0.10760498046875,0.003,-0.014722886495292187,-0.0015846674676140537,40
9.0,5477,49152,6,101.0,8,-0.6844852284993976,0.001947566276157886,0.0031641168,0.9932199846953154,0.2,0.01807861328125,0.003,-0.008728151209652424,0.00042504251723585185,50
9.0,5354,57344,7,101.0,10,-0.6870720078703016,0.001553138342865168,0.0047042295,0.9982340569840744,0.2,0.01678466796875,0.003,0.0016466870438307524,7.1727153226675e-05,60
9.0,5281,65536,8,101.0,12,-0.6921763916499912,0.0012878275142838903,0.014408731,0.9995974827324972,0.2,0.167724609375,0.003,-0.04663698375225067,-0.009902239558687142,70
9.0,5227,73728,9,101.0,14,-0.6717368587385864,0.002581291346677972,0.017383905,0.9993568102363497,0.2,0.16644287109375,0.003,-0.0553031861782074,-0.012835430644736334,80
9.0,5175,81920,10,101.0,15,-0.6327401823364198,0.004844935019082186,0.010106918,0.9981931069632992,0.2,0.11793212890625,0.003,0.006360497325658798,-0.007204832048955723,90
8.985,5138,90112,11,100.85,17,-0.5978736403863877,0.01339375766037847,0.011921959,0.9962935545481741,0.2,0.13187255859375,0.003,0.011632461100816727,-0.006397232521703699,100
7.155000000000001,5108,98304,12,82.55,19,-0.5038765571080148,0.06302842499499092,0.010889369,0.9817746561020613,0.2,0.07216796875,0.003,0.00850512832403183,-0.004256168793835969,110
8.505,5073,106496,13,96.05,20,-0.4904602987458929,0.40990505628287793,0.033550184,0.7671830654144287,0.2,0.2048583984375,0.003,0.21272335946559906,-0.028014062222791836,120
9.001,5050,114688,14,100.83,22,-0.4478240787284449,0.1404113646814949,0.0077872425,0.9675496071577072,0.2,0.06824951171875,0.003,0.05851101130247116,0.0002324678000604763,130
9.069,5031,122880,15,101.15,24,-0.3638312241295353,0.11781881391216302,0.0072425352,0.9681418538093567,0.2,0.0701416015625,0.003,0.05135521665215492,-1.4049006040295353e-05,140
9.384,5010,131072,16,103.76,26,-0.29019395939540116,0.19185525144275745,0.012236313,0.9447110444307327,0.2,0.08135986328125,0.003,0.07754041999578476,-0.006578779413757729,150
9.812000000000001,4995,139264,17,107.14,27,-0.21415166963706725,0.2316888457047753,0.0073382542,0.9406433701515198,0.2,0.05313720703125,0.003,0.11839552223682404,-0.00040757529459369837,160
10.234,4979,147456,18,110.46,29,-0.21516456106328405,0.2947741529031191,0.005906987,0.9152646958827972,0.2,0.05225830078125,0.003,0.08271657675504684,-0.001224383841326926,170
10.7,4965,155648,19,114.22,31,-0.1960780094959773,0.29586129309027454,0.0074570077,0.9146838486194611,0.2,0.047998046875,0.003,0.1627744436264038,-0.0008039064225158655,180
11.316,4947,163840,20,118.94,33,-0.18145269291708246,0.36881093992851677,0.011963863,0.8882351145148277,0.2,0.05816650390625,0.003,0.28239706158638,-0.002050245553982677,190
12.522999999999998,4933,172032,21,128.49,34,-0.16164007436018438,0.40867947245715186,0.011550972,0.8683873414993286,0.2,0.05972900390625,0.003,0.1655154824256897,-0.0058973838135443655,200
13.905,4925,180224,22,139.61,36,-0.12088019351940602,0.40437803611857814,0.016540915,0.8405593484640121,0.2,0.05916748046875,0.003,0.20999862253665924,-0.00023710109326202655,210
12.968,4917,188416,23,132.49,38,-0.10715888885606546,0.36616411852883174,0.008821327,0.8680311590433121,0.2,0.05517578125,0.003,0.1803523749113083,0.001986817265606078,220
12.427999999999999,4911,196608,24,128.44,40,-0.14934372461284512,0.5166761594940908,0.020932753,0.8358753472566605,0.2,0.07266845703125,0.003,0.20062899589538574,-0.0009608950407709926,230
13.415,4905,204800,25,136.24,41,-0.24703475603600963,0.5809541056281887,0.042595483,0.8099739253520966,0.2,0.18507080078125,0.003,0.3167595863342285,-0.012237918378377798,240
13.53,4898,212992,26,137.12,43,-0.15174988843500614,0.41157724597724155,0.018868133,0.8586248010396957,0.2,0.0681640625,0.003,0.1670563817024231,0.004758817901529255,250
13.411,4893,221184,27,135.93,45,-0.11043942319665803,0.4810559590347111,0.016187329,0.8500349223613739,0.2,0.0513916015625,0.003,0.22257469594478607,-0.001301298438283993,260
14.019,4888,229376,28,140.75,46,-0.10499648480181349,0.37429814285133034,0.012232811,0.885458841919899,0.2,0.0572265625,0.003,0.32695090770721436,0.005433280729994295,270
14.914000000000001,4882,237568,29,148.17,48,-0.097475327225402,0.29539412971935236,0.023582932,0.9115328714251518,0.2,0.0636474609375,0.003,0.10423815995454788,0.005996779495217197,280
10.697000000000001,4877,245760,30,114.46,50,-0.19362925309396814,0.41031445501139385,0.080131084,0.8605564832687378,0.2,0.1010986328125,0.003,0.13907521963119507,-0.0003028540824743686,290
10.697000000000001,4874,253952,31,114.55,52,-0.2110974974639248,0.3056407310941722,0.024165343,0.8054603785276413,0.2,0.08988037109375,0.003,0.21824178099632263,0.007629980732781405,300
12.046000000000001,4869,262144,32,125.16,53,-0.21704791076481342,0.5638354967464693,0.025650695,0.8545858711004257,0.2,0.059765625,0.003,0.3272739350795746,-0.0034147431786550443,310
12.97,4864,270336,33,132.6,55,-0.20132692717015743,0.5158423715736717,0.015512764,0.8414829224348068,0.2,0.06468505859375,0.003,0.2067708522081375,-0.0002738358380156569,320
13.344000000000003,4857,278528,34,135.08,57,-0.2756170677370392,0.5708512253127992,0.045994792,0.8063730299472809,0.2,0.109228515625,0.003,0.14512869715690613,0.023935413210710976,330
14.335,4852,286720,35,143.28,59,-0.19281859725015238,0.5268228329718113,0.022033041,0.7579450607299805,0.2,0.06468505859375,0.003,0.2493162751197815,0.008793277213771943,340
16.565,4845,294912,36,161.71,60,-0.18232440193532967,0.47519257298554296,0.014470559,0.7975117564201355,0.2,0.05697021484375,0.003,0.16515015065670013,0.0013463948349453857,350
17.544999999999998,4841,303104,37,169.35,62,-0.2313183229707647,0.6539496698766015,0.035961367,0.6889598071575165,0.2,0.0945068359375,0.003,0.2809726595878601,0.0035974576843727847,360
17.575,4831,311296,38,169.56,64,-0.15366055486374536,0.862960017460864,0.017506398,0.5959272384643555,0.2,0.0656494140625,0.003,0.36353355646133423,0.001681947948600282,370
20.204,4825,319488,39,190.9,66,-0.14619632608955727,0.7616851504193619,0.014187755,0.6601418852806091,0.2,0.051611328125,0.003,0.3671669363975525,0.002989013894693926,380
21.659000000000002,4816,327680,40,202.75,68,-0.1302147930924548,0.7951186790829524,0.0102789495,0.586037665605545,0.2,0.05531005859375,0.003,0.2831559479236603,0.00455850443104282,390
20.118,4813,335872,41,190.22,69,-0.17655092604691164,0.9969789090449922,0.01812554,0.49104392528533936,0.2,0.0832763671875,0.003,0.23686224222183228,-0.003058976922329748,400
20.273000000000003,4810,344064,42,191.59,71,-0.1329865356819937,1.009041052684188,0.019953102,0.5728382468223572,0.2,0.0736328125,0.003,0.6138826608657837,0.009900521479903546,410
21.690999999999995,4807,352256,43,202.71,73,-0.11070114359317813,1.0722197910072282,0.0442853,0.6187426745891571,0.2,0.0698486328125,0.003,0.6310272812843323,0.006923722215378803,420
22.960000000000004,4804,360448,44,213.15,75,-0.14262522821518359,0.6177953061996959,0.054881897,0.7271738648414612,0.2,0.0991455078125,0.003,0.14645503461360931,0.01381617521001317,430
20.113000000000003,4803,368640,45,190.35,76,-0.14528573802672326,0.9515005837078206,0.017137347,0.6581539511680603,0.2,0.08818359375,0.003,0.24891850352287292,0.006155787520583544,440
15.292,4802,376832,46,151.5,78,-0.14504668878216762,1.1471432152669876,0.05325225,0.656734824180603,0.2,0.08248291015625,0.003,0.6220690608024597,0.008633960983024736,450
15.806,4801,385024,47,155.29,80,-0.18188332931604237,1.2380257456796244,0.037981227,0.6218418776988983,0.2,0.0914306640625,0.003,0.48791995644569397,-0.0002861697518710571,460
15.347999999999999,4800,393216,48,151.34,81,-0.13798577823326924,1.3969272614922374,0.06292382,0.4826622009277344,0.2,0.0889404296875,0.003,1.0635088682174683,0.011286627662593673,470
13.546,4799,401408,49,136.92,83,-0.1450181496416917,1.0079864252591506,0.03305754,0.5632818639278412,0.2,0.10821533203125,0.003,0.7595775127410889,0.008307152749330271,480
13.166999999999998,4799,409600,50,133.76,85,-0.15574910289724359,0.8922303291852586,0.030079905,0.6210357844829559,0.2,0.09896240234375,0.003,0.5049687027931213,0.00018271014596393798,490
13.957,4798,417792,51,140.31,87,-0.1479516278981464,0.7475199067266658,0.028923228,0.7413218319416046,0.2,0.07708740234375,0.003,0.2020132690668106,0.0039629975550269595,500
15.554999999999998,4796,425984,52,153.32,88,-0.18966630334034562,0.864233773003798,0.017621195,0.7358914017677307,0.2,0.07708740234375,0.003,0.4597089886665344,0.003980370549834333,510
17.174,4795,434176,53,166.27,90,-0.15204588390770368,0.8263597308658064,0.042888902,0.6431721448898315,0.2,0.0880126953125,0.003,0.35589897632598877,0.004948791104106931,520
20.135,4795,442368,54,190.03,92,-0.15288981733319815,0.8754153723130003,0.035252906,0.6702256202697754,0.2,0.070703125,0.003,0.3597727417945862,-0.0007941935283270141,530
22.541000000000004,4794,450560,55,209.41,93,-0.12100664509925992,0.7515768511337229,0.026086438,0.4933384656906128,0.2,0.072509765625,0.003,0.4577794671058655,0.006590445033361902,540
25.353999999999996,4793,458752,56,232.14,95,-0.11956543119304115,0.8256156845483928,0.027533969,0.5772156417369843,0.2,0.06966552734375,0.003,1.251534342765808,0.0062814891576636,550
20.377,4793,466944,57,191.82,97,-0.10386328346212395,0.9378933988627978,0.024096217,0.5852499306201935,0.2,0.05733642578125,0.003,0.3529472053050995,0.005100635106828122,560
15.145,4792,475136,58,148.86,99,-0.09902184804377612,0.8435461088549345,0.06620292,0.6336905658245087,0.2,0.10762939453125,0.003,0.3524465560913086,0.0007244921267556492,570
13.807,4792,483328,59,138.0,100,-0.11978691878757672,0.9650429795728996,0.03864175,0.5383067727088928,0.2,0.1203369140625,0.003,0.8011363744735718,0.015842993260775984,580
13.235999999999999,4791,491520,60,134.27,102,-0.10439285187676432,0.725966326345224,0.031168405,0.7268655002117157,0.2,0.10701904296875,0.003,0.31672659516334534,0.014980344489049457,590
13.463,4791,499712,61,136.0,104,-0.1179481409730215,0.7208227589260787,0.02249718,0.7778120785951614,0.2,0.08707275390625,0.003,0.34721386432647705,0.003965841497483779,600
14.205000000000002,4790,507904,62,141.8,106,-0.13613151932950132,0.753840860631317,0.016747897,0.7494355142116547,0.2,0.07900390625,0.003,0.21860359609127045,-0.005653110423554608,610
14.461000000000002,4788,516096,63,144.09,107,-0.11603275866655167,0.6549013970536179,0.019827873,0.7737763971090317,0.2,0.07724609375,0.003,0.2370034009218216,0.005018558312985988,620
15.854000000000001,4785,524288,64,155.5,109,-0.12903168420889416,0.7476989287650213,0.024215627,0.7631343305110931,0.2,0.08148193359375,0.003,0.21587581932544708,-0.0049399572133552285,630
17.775,4782,532480,65,170.75,111,-0.09509688153775642,0.6228856972535141,0.023795981,0.7315867245197296,0.2,0.07078857421875,0.003,0.14606837928295135,0.003705959865692421,640
19.256,4778,540672,66,182.23,113,-0.07946525471215864,0.7956075307563879,0.023565404,0.6612385213375092,0.2,0.06663818359375,0.003,0.46730920672416687,0.0004996222612135171,650
16.805999999999997,4777,548864,67,162.77,114,-0.18745482175145298,0.6361520320759155,0.041137505,0.6830051243305206,0.2,0.18314208984375,0.003,0.2804405689239502,0.002103065332630649,660
12.699999999999998,4776,557056,68,130.08,116,-0.20324031431227924,0.713393664942123,0.041178025,0.5853271186351776,0.2,0.14716796875,0.003,0.33022576570510864,-0.0074853805494058175,670
12.856,4775,565248,69,131.28,118,-0.1898896007827716,0.7394622768741101,0.03395107,0.6593793034553528,0.2,0.1096923828125,0.003,0.12623870372772217,0.006890067079984874,680
14.344000000000001,4775,573440,70,143.19,120,-0.210062922880752,0.7635647907620295,0.018628953,0.7039375901222229,0.2,0.08521728515625,0.003,0.2607516348361969,0.000769176550602424,690
17.919999999999998,4774,581632,71,172.2,121,-0.19354164446122013,0.7928787643904798,0.025499772,0.6173504292964935,0.2,0.0812744140625,0.003,0.33153384923934937,-0.0009657422500822576,700
15.868000000000002,4770,589824,72,155.64,123,-0.2135211337066721,0.8359215434174985,0.047601342,0.5224018394947052,0.2,0.13006591796875,0.003,0.295486718416214,0.003722489937536011,710
12.342000000000002,4769,598016,73,126.95,125,-0.21586689143441617,0.7680039446102456,0.05540586,0.5038407444953918,0.2,0.1698974609375,0.003,0.16334523260593414,-0.018722663409425876,720
13.332000000000003,4769,606208,74,135.05,127,-0.1810335220216075,0.7775349352043122,0.028179515,0.6087810695171356,0.2,0.085546875,0.003,0.3952538073062897,0.008996829835814424,730
12.831000000000001,4768,614400,75,131.21,128,-0.15951957805955316,0.8007806039764546,0.016817713,0.7162481248378754,0.2,0.0611328125,0.003,0.28526046872138977,0.0013986838206619724,740
13.899000000000001,4768,622592,76,139.73,130,-0.16877316505997442,0.8563466951949522,0.04480949,0.6637698113918304,0.2,0.0898681640625,0.003,0.6530199646949768,0.002854174395542941,750
18.389,4766,630784,77,175.81,132,-0.14620066112256608,0.7816220241249539,0.028002694,0.6071712374687195,0.2,0.08060302734375,0.003,0.1859787255525589,0.009145370224177895,760
21.250999999999998,4765,638976,78,199.21,134,-0.14467207800771575,0.8774945555953308,0.033230923,0.36481964588165283,0.2,0.08082275390625,0.003,0.3879152238368988,0.005074321842403151,770
22.788,4763,647168,79,211.61,135,-0.1501370964688249,1.0691177340922877,0.017861819,0.38439643383026123,0.2,0.07554931640625,0.003,0.4537063241004944,0.0053158646936935835,780
23.033,4763,655360,80,213.79,137,-0.12186213391833008,0.9585327430278994,0.043442506,0.4928584694862366,0.2,0.083154296875,0.003,0.5064218640327454,0.008319015632514493,790
26.031,4762,663552,81,237.74,139,-0.11829627278202678,1.0497620000038297,0.03179218,0.4909852147102356,0.2,0.0658203125,0.003,0.8123186826705933,0.0019097558235444013,800
27.554999999999996,4761,671744,82,250.1,141,-0.12778473326470702,1.0965925608179532,0.028344804,0.4782262444496155,0.2,0.08494873046875,0.003,0.2996691167354584,0.003255185242551306,810
32.020999999999994,4761,679936,83,286.12,142,-0.10985870156437158,0.8954932923312299,0.027435608,0.593763917684555,0.2,0.0716064453125,0.003,0.5315184593200684,0.018715159330895403,820
28.070999999999998,4760,688128,84,254.45,144,-0.146652431259281,0.852158785215579,0.07787341,0.6205193400382996,0.2,0.11749267578125,0.003,0.27393656969070435,0.0033778315952986302,830
24.372,4759,696320,85,224.3,146,-0.13311344847024884,1.8144493058789521,0.03273833,0.45460033416748047,0.2,0.065966796875,0.003,0.6630027890205383,0.0019087654327449854,840
14.647999999999998,4758,704512,86,145.42,148,-0.13363530738279222,1.6994445950724184,0.09700772,0.4390111565589905,0.2,0.11072998046875,0.003,0.8078346848487854,0.010597178948955843,850
10.588,4759,712704,87,113.19,149,-0.1783540066302521,0.8324463967699558,0.14477049,0.2745790481567383,0.2,0.17957763671875,0.003,0.29762178659439087,-0.016675578317517648,860
9.683,4759,720896,88,106.39,151,-0.1611658344278112,0.9802999069681391,0.045354173,0.5652793943881989,0.2,0.1352294921875,0.003,0.5459377765655518,0.01138946711034805,870
9.325999999999999,4759,729088,89,103.63,153,-0.15146858171792701,0.3899617763236165,0.019741416,0.8096799254417419,0.2,0.0977783203125,0.003,0.1663927435874939,0.010993155968026257,880
9.29,4760,737280,90,103.45,154,-0.19455090816773007,0.29616892206249756,0.0924182,0.9297247231006622,0.2,0.148974609375,0.003,0.07545420527458191,0.02608189376514929,890
10.516000000000002,4760,745472,91,112.56,156,-0.26112329144380053,0.4561135958298109,0.06287394,0.9052295014262199,0.2,0.12855224609375,0.003,0.23128600418567657,0.0020550016339257126,900
11.261999999999999,4760,753664,92,118.85,158,-0.2933891482418403,0.4123119849828072,0.04941004,0.8187115490436554,0.2,0.17275390625,0.003,0.14404873549938202,-0.012639201308047632,910
11.509,4760,761856,93,121.14,160,-0.30783580595161764,0.33475274152006024,0.049323373,0.8362870514392853,0.2,0.21494140625,0.003,0.11417447775602341,-0.008385996225479175,920
12.045,4760,770048,94,125.15,161,-0.3371897743898444,0.325099997757934,0.024795864,0.8174177706241608,0.2,0.1646240234375,0.003,0.16337941586971283,0.028375471202161863,930
13.564999999999998,4760,778240,95,137.38,163,-0.3018210152979009,0.47601165309315546,0.022482675,0.7788204252719879,0.2,0.11939697265625,0.003,0.18336211144924164,0.0012779925699760498,940
14.552,4760,786432,96,145.36,165,-0.2435180822678376,0.4362238490954041,0.025728513,0.7161558866500854,0.2,0.10389404296875,0.003,0.18080711364746094,0.004503367152210558,950
16.483,4759,794624,97,160.8,166,-0.214488871418871,0.515682342380751,0.028774392,0.7576300650835037,0.2,0.110009765625,0.003,0.17194099724292755,0.004396468202867254,960
17.907,4757,802816,98,171.71,168,-0.1842357388290111,0.761312717339024,0.054498028,0.5521468818187714,0.2,0.1078125,0.003,0.18248692154884338,0.00531931193145283,970
17.971999999999998,4757,811008,99,172.18,170,-0.1513923028483987,0.9444955179817043,0.02676141,0.6133592426776886,0.2,0.10963134765625,0.003,0.3501224219799042,-0.0015495809744606958,980
19.333000000000002,4753,819200,100,183.63,172,-0.12542202203476335,0.7590150737203658,0.03041884,0.7278313338756561,0.2,0.08763427734375,0.003,0.28432121872901917,0.005785722719519981,990
20.611000000000004,4753,827392,101,193.89,174,-0.13515065117389896,0.971247649914585,0.01578654,0.6432701945304871,0.2,0.08079833984375,0.003,0.21261066198349,0.0031933100530295634,1000
15.469000000000001,4752,835584,102,151.83,175,-0.15959143278305418,1.0025582951959222,0.027266454,0.6598751842975616,0.2,0.0964111328125,0.003,0.5349010229110718,0.0053964974393238664,1010
14.023,4750,843776,103,140.25,177,-0.1415221828588983,0.8893489330541342,0.040326063,0.7190987467765808,0.2,0.10186767578125,0.003,0.2499251365661621,0.004315497929201229,1020
18.771,4748,851968,104,178.82,179,-0.1894300800107885,1.0242059767944738,0.029314304,0.6059939861297607,0.2,0.0950927734375,0.003,0.3061494529247284,-0.0010173006861805335,1030
23.468000000000004,4748,860160,105,216.79,181,-0.18072277338360437,1.078738438221626,0.04019983,0.35363060235977173,0.2,0.118701171875,0.003,0.5631600022315979,0.009282381453340349,1040
28.702,4748,868352,106,258.96,182,-0.1559410352492705,1.105084544455167,0.071616426,0.4250136613845825,0.2,0.1041259765625,0.003,0.6384721398353577,0.006913035047909943,1050
29.497000000000003,4748,876544,107,265.56,184,-0.155414006911451,1.283950678166002,0.023354504,0.14804673194885254,0.2,0.10126953125,0.003,0.3350667357444763,0.006591872035278357,1060
28.345,4747,884736,108,256.02,186,-0.19347126070642845,1.280256396974437,0.038755726,0.4378516674041748,0.2,0.116552734375,0.003,0.23583410680294037,0.0027792069253337105,1070
26.105,4745,892928,109,238.03,188,-0.1839035360579146,1.713929210160859,0.066336036,0.14837998151779175,0.2,0.15147705078125,0.003,0.24135103821754456,0.03020439427164092,1080
24.004,4745,901120,110,220.98,189,-0.16522600277676247,1.5066429767757654,0.041196458,0.4558769464492798,0.2,0.11834716796875,0.003,0.4860544800758362,0.011086979527317454,1090
25.636,4745,909312,111,234.33,191,-0.17839247853844425,1.557108388398774,0.028733607,0.42931294441223145,0.2,0.105615234375,0.003,0.7881925702095032,0.0032449750350679097,1100
29.419000000000004,4745,917504,112,265.05,193,-0.16372000931878575,1.3650967752560974,0.033839684,0.376417875289917,0.2,0.10941162109375,0.003,0.49248701333999634,0.004659675089351367,1110
31.384,4745,925696,113,280.65,195,-0.1397002795973094,1.2788111783214844,0.041588478,0.40768522024154663,0.2,0.10966796875,0.003,0.6386219263076782,0.00809318917345081,1120
29.269999999999996,4745,933888,114,263.56,196,-0.1551115856389515,1.5293211942655034,0.085321076,0.3094397187232971,0.2,0.14281005859375,0.003,1.5490049123764038,0.016998788975070057,1130
26.345,4745,942080,115,239.53,198,-0.17056032758555376,1.791233161254786,0.020984553,0.45591479539871216,0.2,0.09581298828125,0.003,1.0129809379577637,0.005786252514280932,1140
21.602999999999998,4745,950272,116,201.29,200,-0.1351212216366548,1.6860581967281179,0.047062315,0.4668811559677124,0.2,0.09251708984375,0.003,0.7017768025398254,0.006646770606494101,1150
21.636000000000003,4745,958464,117,201.98,201,-0.2027163456485141,2.161424872581847,0.07094674,0.31497442722320557,0.2,0.12755126953125,0.003,1.026373267173767,-0.006427694041303766,1160
21.909000000000002,4745,966656,118,204.26,203,-0.16576857520849445,1.689481941657141,0.04092097,0.30939751863479614,0.2,0.122607421875,0.003,0.7438329458236694,0.008653529253933812,1170
26.673,4745,974848,119,242.72,205,-0.1303047683351906,1.3830093910219148,0.043871723,0.37633073329925537,0.2,0.08985595703125,0.003,0.5045621991157532,0.009457371397365933,1180
35.278,4745,983040,120,312.12,207,-0.10092990337143419,1.1585775727289729,0.09342091,0.25058668851852417,0.2,0.10291748046875,0.003,0.7404404878616333,0.010900045802191016,1190
24.463,4745,991232,121,225.39,208,-0.10707139855076094,0.6934567111777141,0.07163997,0.19199824333190918,0.2,0.12210693359375,0.003,0.23436015844345093,0.013747763955143455,1200
9.448,4746,999424,122,104.58,210,-0.22189515808713622,0.9581778729101643,0.054225277,0.5117852091789246,0.2,0.17628173828125,0.003,0.34554949402809143,0.011463901753631944,1210
9.344000000000001,4746,1007616,123,103.81,212,-0.26904554504435507,0.4743718340760097,0.028986871,0.8326510190963745,0.2,0.156640625,0.003,0.09874126315116882,0.0069714625318738396,1220
9.482999999999999,4746,1015808,124,104.75,213,-0.2865760458342265,0.36868619729066265,0.029208794,0.8939138129353523,0.2,0.1284423828125,0.003,0.16534624993801117,0.00449190817798808,1230
9.722999999999999,4747,1024000,125,105.8,215,-0.30640224446542563,0.34880907157785257,0.032815572,0.8975745886564255,0.2,0.1514892578125,0.003,0.28005772829055786,0.007769450134401268,1240
10.165000000000001,4745,1032192,126,109.95,217,-0.2652936245431192,0.49494776548817754,0.039695136,0.7885366082191467,0.2,0.1613037109375,0.003,0.20401668548583984,-0.0017296943693509092,1250
10.634,4744,1040384,127,114.1,219,-0.2680391143425368,0.44181875706417484,0.039335437,0.8625850081443787,0.2,0.15958251953125,0.003,0.20808546245098114,0.0036815158016906937,1260
10.839,4744,1048576,128,115.79,221,-0.25013166189892216,0.3534502122667618,0.031794615,0.8811334744095802,0.2,0.13450927734375,0.003,0.11966323852539062,0.004920453050726792,1270
10.655,4742,1056768,129,113.86,222,-0.27635171728907154,0.38029660526663067,0.048950367,0.8746450990438461,0.2,0.12939453125,0.003,0.10500936955213547,0.0015636896720025105,1280
10.956000000000001,4741,1064960,130,116.6,224,-0.27293112960178406,0.35191884927335193,0.035251785,0.8639048188924789,0.2,0.14444580078125,0.003,0.11626316606998444,0.0024936243615229616,1290
12.483999999999998,4741,1073152,131,128.82,226,-0.2487714583054185,0.34270730105927216,0.03863535,0.8623596876859665,0.2,0.13035888671875,0.003,0.19567960500717163,0.0038873550850439644,1300
15.445,4740,1081344,132,152.58,228,-0.2058650923485402,0.5427633794373833,0.026984232,0.7156489491462708,0.2,0.10950927734375,0.003,0.2368708997964859,0.00404036381005426,1310
18.012,4740,1089536,133,173.21,229,-0.18368914777529427,0.6866159448283724,0.029692851,0.620221883058548,0.2,0.10323486328125,0.003,0.1378594934940338,0.0041744283436855765,1320
19.282,4740,1097728,134,183.39,231,-0.15966803628252818,0.7932750927866437,0.023865888,0.5481172502040863,0.2,0.09268798828125,0.003,0.5226284265518188,0.004198564174657804,1330
17.842,4741,1105920,135,171.87,233,-0.1611191260337364,0.8550483523635194,0.031140128,0.5849453210830688,0.2,0.09844970703125,0.003,0.3559083640575409,0.0007701301416091155,1340
16.080999999999996,4741,1114112,136,157.86,234,-0.1663516437401995,1.0490979991387577,0.02696415,0.48171836137771606,0.2,0.112060546875,0.003,0.5491554737091064,-0.0022072867264796513,1350
14.148,4742,1122304,137,142.49,236,-0.15137008775491267,1.0075917498907074,0.039238773,0.6649015843868256,0.2,0.1150634765625,0.003,0.3671536445617676,0.005777639300322335,1360
14.408999999999999,4741,1130496,138,144.29,238,-0.15199087769142353,0.8688802690245211,0.028059367,0.7220478951931,0.2,0.11591796875,0.003,0.3676000237464905,0.004732406494440511,1370
14.349,4742,1138688,139,142.7,240,-0.15350125101103912,0.730431413219776,0.048041888,0.7544486820697784,0.2,0.1228271484375,0.003,0.28295597434043884,0.012511314299536025,1380
13.229000000000001,4742,1146880,140,133.48,241,-0.12414525361382403,0.8029835566878318,0.07469857,0.6694346070289612,0.2,0.1091796875,0.003,0.258094847202301,0.013258276404849311,1390
13.384,4742,1155072,141,135.39,243,-0.141742294334108,0.659058723167982,0.048509125,0.7758430689573288,0.2,0.11837158203125,0.003,0.10982709378004074,0.002195071612550237,1400
13.403000000000002,4742,1163264,142,136.03,245,-0.12411827433679719,0.5051179104833864,0.09195923,0.8232424259185791,0.2,0.11614990234375,0.003,0.24083197116851807,0.01085609457386454,1410
13.660000000000002,4742,1171456,143,138.33,247,-0.1396020586369559,0.5449880204861983,0.039628178,0.8157259970903397,0.2,0.0993408203125,0.003,0.17751017212867737,0.005111990203295136,1420
15.6,4742,1179648,144,153.68,248,-0.19170676214853302,0.7353599547175691,0.06730449,0.7377544641494751,0.2,0.13931884765625,0.003,0.45156335830688477,0.003920608651787916,1430
16.833,4742,1187840,145,163.67,250,-0.1949279619497247,0.8662908586673439,0.040174738,0.5987544059753418,0.2,0.12674560546875,0.003,0.3260905146598816,0.0022963206645727043,1440
16.88,4742,1196032,146,164.23,252,-0.1715521109115798,0.9244093870045618,0.035805754,0.6136398017406464,0.2,0.11217041015625,0.003,0.7611993551254272,0.006801613215247926,1450
18.259999999999998,4741,1204224,147,175.33,253,-0.164820951531874,0.9941746565978974,0.034414366,0.6195744276046753,0.2,0.10322265625,0.003,0.5073032975196838,0.007356075751886237,1460
19.744,4739,1212416,148,187.11,255,-0.14893320817500352,0.8352658921619878,0.027727094,0.6221489310264587,0.2,0.08787841796875,0.003,0.4597752094268799,0.005266365306124498,1470
17.135,4737,1220608,149,165.79,257,-0.1683531884336844,1.1184185527963564,0.043061987,0.5338029861450195,0.2,0.12515869140625,0.003,0.5254811644554138,0.00740209976775077,1480
14.821,4736,1228800,150,146.16,259,-0.16387581452145242,1.0203856156673283,0.047536455,0.47343897819519043,0.2,0.112451171875,0.003,0.1854230761528015,0.005771088668552693,1490
17.840999999999998,4736,1236992,151,170.6,261,-0.20803164446842856,1.415322382748127,0.05644437,0.3686675429344177,0.2,0.17598876953125,0.003,0.3872796297073364,0.001989863484777743,1500
19.599,4735,1245184,152,185.3,262,-0.1516660532244714,1.236643176781945,0.0670934,0.46868783235549927,0.2,0.12159423828125,0.003,0.2921677231788635,0.011856404511854634,1510
19.554,4733,1253376,153,185.21,264,-0.1508715247386135,1.271716848271899,0.06042443,0.47118788957595825,0.2,0.0948974609375,0.003,0.4515761435031891,0.012334551185267629,1520
19.07,4732,1261568,154,181.09,266,-0.1502898140461184,1.5784602852538228,0.042396307,0.36268508434295654,0.2,0.1048828125,0.003,0.6043583750724792,0.005204092294843576,1530
21.377000000000002,4731,1269760,155,199.66,268,-0.12714020868297665,1.3248197654029354,0.04090037,0.4171958565711975,0.2,0.0931396484375,0.003,0.5509070158004761,0.009628895801324689,1540
22.763,4730,1277952,156,210.64,270,-0.14667179764364846,1.3212526521878316,0.031926297,0.35697513818740845,0.2,0.0850830078125,0.003,0.5473461747169495,-0.00034628157336555885,1550
25.809999999999995,4730,1286144,157,235.17,271,-0.15840003674966283,1.1802929089870304,0.040482163,0.24688571691513062,0.2,0.11041259765625,0.003,0.33603811264038086,0.006854816117447626,1560
24.615,4730,1294336,158,226.01,273,-0.15751026798097884,1.2014158364152536,0.105021216,0.375834584236145,0.2,0.10179443359375,0.003,0.18903109431266785,0.00540501750583644,1570
19.802,4730,1302528,159,187.33,275,-0.14923224489903078,1.2924959957832471,0.045436062,0.5256283283233643,0.2,0.09957275390625,0.003,0.42571040987968445,0.006698282020988699,1580
18.025,4730,1310720,160,172.62,277,-0.169630917935865,1.580006901244633,0.051535517,0.4919372797012329,0.2,0.10462646484375,0.003,0.5849015116691589,0.0032739984764702966,1590
17.847,4729,1318912,161,171.29,278,-0.1566607374144951,1.737825867300853,0.048937514,0.4836121201515198,0.2,0.0931396484375,0.003,0.41380584239959717,0.0033936080300918546,1600
19.013,4729,1327104,162,180.79,280,-0.17301377026597037,1.336204343265854,0.06421988,0.4755648970603943,0.2,0.12406005859375,0.003,0.49230414628982544,-0.001038677480755723,1610
23.014,4729,1335296,163,213.06,282,-0.1531342517293524,1.2527516188565642,0.04252792,0.42123693227767944,0.2,0.1037109375,0.003,0.9303600192070007,0.00849397043530189,1620
27.493,4729,1343488,164,249.12,284,-0.1679255682276562,1.3171263131313027,0.036291882,0.34858202934265137,0.2,0.11312255859375,0.003,0.5410745739936829,0.00445926554275502,1630
31.43,4728,1351680,165,280.93,285,-0.15310501023777762,1.0756890276446938,0.020162465,0.37267255783081055,0.2,0.0986083984375,0.003,0.24092747271060944,0.00841185080989817,1640
37.284,4729,1359872,166,328.4,287,-0.1455289497593185,1.1175990196177736,0.029958522,0.300057053565979,0.2,0.0967041015625,0.003,0.31618398427963257,0.005938645804599218,1650
37.959,4729,1368064,167,333.62,289,-0.13270190653274766,0.8737253874191083,0.033330303,0.36701714992523193,0.2,0.0958984375,0.003,0.28161633014678955,0.005912921721574094,1660
37.406000000000006,4729,1376256,168,328.99,290,-0.1592666879936587,1.366151219769381,0.025341026,0.2843695282936096,0.2,0.094091796875,0.003,0.6063292622566223,0.0058109383417104254,1670
37.161,4730,1384448,169,327.08,292,-0.1499908470956143,1.515385805722326,0.02889403,0.4019578695297241,0.2,0.091455078125,0.003,0.4544961154460907,0.0025078199709241745,1680
22.746,4730,1392640,170,211.19,294,-0.1372220732650021,1.429401815473102,0.043751936,0.21006804704666138,0.2,0.10098876953125,0.003,1.3963888883590698,0.013683499947183009,1690
12.436999999999998,4730,1400832,171,128.35,296,-0.18725193717400543,1.6396798625355586,0.11071149,0.042288124561309814,0.2,0.20093994140625,0.003,0.30710065364837646,-0.020270062786585184,1700
12.686,4731,1409024,172,129.58,297,-0.20737371319555678,1.6552763364743441,0.047522783,0.46602362394332886,0.2,0.1344482421875,0.003,0.3099936842918396,0.013007852816008381,1710
13.592,4732,1417216,173,137.11,299,-0.20287681666668506,1.5286898809019476,0.02699715,0.5937196314334869,0.2,0.11600341796875,0.003,0.7452779412269592,0.0025785227304368163,1720
15.128000000000002,4732,1425408,174,150.04,301,-0.18868247218779288,0.9617641062010079,0.03432384,0.695759505033493,0.2,0.11424560546875,0.003,0.2334756851196289,0.005185287243511994,1730
14.582000000000003,4733,1433600,175,145.57,302,-0.21630775490775705,0.9105613184976391,0.03521194,0.6700717806816101,0.2,0.11710205078125,0.003,0.40616267919540405,0.0006297836038356763,1740
14.276000000000002,4733,1441792,176,141.79,304,-0.17922003968269565,0.9519050502218306,0.03464452,0.6842890083789825,0.2,0.0822265625,0.003,0.30210667848587036,0.0018382635753368959,1750
17.272000000000002,4733,1449984,177,166.08,306,-0.2434989308938384,1.2793332536472009,0.056086384,0.5107592642307281,0.2,0.17080078125,0.003,0.6586489081382751,-0.008114632280557999,1760
19.764,4734,1458176,178,187.22,308,-0.1687486129696481,0.8990143784903921,0.023605237,0.5569213628768921,0.2,0.08260498046875,0.003,0.20485183596611023,0.0031131787472986616,1770
18.604,4734,1466368,179,177.6,309,-0.1535524309903849,0.9998910736525431,0.03246994,0.571794331073761,0.2,0.0894775390625,0.003,0.5837202668190002,0.0024698126602743288,1780
18.927,4735,1474560,180,180.2,311,-0.17431808823021128,1.3803515774197876,0.032451354,0.4901650547981262,0.2,0.10731201171875,0.003,0.7091628313064575,0.0023207720259961206,1790
21.003,4735,1482752,181,197.27,313,-0.16863579488126562,0.9898476728936657,0.029328108,0.6087575554847717,0.2,0.09339599609375,0.003,0.6149376630783081,0.0034675868297199485,1800
19.362,4736,1490944,182,183.92,314,-0.16830679732374848,1.1130180867156014,0.03916464,0.48070991039276123,0.2,0.09833984375,0.003,0.45081302523612976,0.0039702910271444125,1810
17.435,4736,1499136,183,168.16,316,-0.19766606637858786,1.605486569670029,0.04969572,0.28402501344680786,0.2,0.1182373046875,0.003,0.65848708152771,-0.0013371699224080658,1820
17.637,4737,1507328,184,169.73,318,-0.18575778921076563,1.2399550749221817,0.025855437,0.4742031693458557,0.2,0.1096435546875,0.003,0.424550861120224,0.012033099584550655,1830
17.709999999999997,4737,1515520,185,170.1,319,-0.15716722769284389,1.3705836977344006,0.04071965,0.5811527669429779,0.2,0.09061279296875,0.003,0.5484724640846252,0.004732902761861624,1840
18.082000000000004,4737,1523712,186,173.19,321,-0.1588837622141,1.3012615086277948,0.038056087,0.5863419771194458,0.2,0.08941650390625,0.003,0.5036517977714539,0.0036343916950499987,1850
21.43,4737,1531904,187,200.46,323,-0.1453381258499576,1.3454695311607794,0.02359956,0.5951865613460541,0.2,0.08082275390625,0.003,0.5192099809646606,0.008700066813798913,1860
24.7,4738,1540096,188,226.95,325,-0.15598053298017475,1.2828685704385863,0.050443612,0.3838368058204651,0.2,0.09796142578125,0.003,0.749189019203186,0.005633510863117408,1870
27.886999999999993,4738,1548288,189,252.43,326,-0.15042877362284343,1.146143273380585,0.029930621,0.4362279176712036,0.2,0.08968505859375,0.003,0.42876124382019043,0.007821737430094799,1880
27.422000000000008,4738,1556480,190,248.32,328,-0.17740005654632113,1.5584425974404439,0.030382972,0.26366424560546875,0.2,0.0876220703125,0.003,0.4953581988811493,-0.0025532225601637036,1890
24.95,4739,1564672,191,228.55,330,-0.15713145237532444,1.6349838526220992,0.03213597,0.23136752843856812,0.2,0.08597412109375,0.003,0.5350476503372192,0.006013071594861685,1900
18.243000000000002,4739,1572864,192,174.89,331,-0.19149797821301034,1.689283065404743,0.0450719,0.33318912982940674,0.2,0.1271484375,0.003,0.4244458079338074,0.011390522764486377,1910
15.863999999999999,4739,1581056,193,155.42,333,-0.17867259770282545,1.5100180444307625,0.034153562,0.3656524419784546,0.2,0.10716552734375,0.003,1.0734323263168335,-0.0029885905831179118,1920
15.02,4739,1589248,194,148.24,335,-0.20371740465634502,1.3726123532047496,0.027716896,0.561409205198288,0.2,0.10687255859375,0.003,0.4511036276817322,-0.0006429266397390166,1930
14.389,4740,1597440,195,142.74,337,-0.16067701586871408,0.9496370988083072,0.037188247,0.7071650624275208,0.2,0.10074462890625,0.003,0.7159318327903748,0.010025045771544682,1940
15.729000000000001,4740,1605632,196,154.07,338,-0.2005758288956713,0.9031958130188287,0.04289969,0.7081828415393829,0.2,0.117333984375,0.003,0.5844446420669556,0.0005498543303474434,1950
14.040999999999997,4740,1613824,197,139.71,340,-0.22237977904151193,0.8139435097109526,0.04482442,0.7445102035999298,0.2,0.13642578125,0.003,0.35859590768814087,0.005647941447023186,1960
14.988,4741,1622016,198,147.2,342,-0.23706838042708114,1.2552558775059879,0.03660593,0.5583916306495667,0.2,0.10506591796875,0.003,0.27310964465141296,-0.007702871349465568,1970
18.663,4741,1630208,199,177.2,343,-0.20442717814585193,1.1756590747041629,0.03937704,0.5891691446304321,0.2,0.10650634765625,0.003,0.5655798316001892,0.001773132132802857,1980
20.491000000000003,4741,1638400,200,192.51,345,-0.13544802895921748,0.9843602174776607,0.026649754,0.41387492418289185,0.2,0.08121337890625,0.003,0.7053259015083313,0.0047494986914898615,1990
24.876000000000005,4742,1646592,201,227.81,347,-0.16895250789239072,1.251284400257282,0.04380969,0.29478269815444946,0.2,0.111669921875,0.003,0.8012896776199341,-0.005201650243179756,2000
28.180000000000003,4742,1654784,202,254.73,348,-0.11803440962685272,1.0605421907152048,0.03770608,0.034293174743652344,0.2,0.07952880859375,0.003,0.25910210609436035,0.006207921886743861,2010
30.592000000000002,4742,1662976,203,274.26,350,-0.132319484121399,1.2980435090023092,0.027390702,0.1528869867324829,0.2,0.07904052734375,0.003,0.31819385290145874,0.0037553854969701204,2020
27.531,4742,1671168,204,249.14,352,-0.15937490679789335,1.4401309652952476,0.039922893,0.34255480766296387,0.2,0.09232177734375,0.003,0.6492212414741516,-0.0029113033394423836,2030
23.453000000000003,4741,1679360,205,215.83,354,-0.1352211343648378,1.7395449605537578,0.03914015,0.24652618169784546,0.2,0.09593505859375,0.003,0.8143667578697205,-0.0027338412086464815,2040
25.048,4741,1687552,206,228.45,355,-0.1048953126068227,1.315026616724208,0.03979887,0.4871178865432739,0.2,0.07254638671875,0.003,0.9507731199264526,0.0023027363124128895,2050
29.431000000000004,4741,1695744,207,264.45,357,-0.14316911509959027,1.4899812953080982,0.062091764,0.23946887254714966,0.2,0.11793212890625,0.003,0.5232542157173157,0.0022203321546840015,2060
32.43699999999999,4741,1703936,208,289.02,359,-0.15122373714111745,0.843781922548078,0.05965797,0.4326289892196655,0.2,0.136572265625,0.003,0.22898462414741516,0.003065104347115266,2070
36.19,4740,1712128,209,319.62,361,-0.11797054600174306,1.2316174949286505,0.06459079,0.4631595015525818,0.2,0.0877197265625,0.003,0.27580526471138,0.0056948933665808,2080
39.479,4740,1720320,210,346.39,362,-0.13054522901657037,1.1007863533683122,0.034319054,0.3466932773590088,0.2,0.08155517578125,0.003,0.5779672861099243,0.005200454281111888,2090
42.105,4740,1728512,211,367.43,364,-0.09256998793571256,0.8799457218497991,0.031842075,0.08446067571640015,0.2,0.0807861328125,0.003,0.5800765752792358,0.008094508387875976,2100
45.629,4739,1736704,212,395.65,366,-0.1544046097958926,1.565294870454818,0.0459323,0.29592984914779663,0.2,0.1001953125,0.003,0.4306173622608185,-0.004558651398110669,2110
47.422000000000004,4740,1744896,213,410.07,368,-0.09824555455415976,0.9130131099140272,0.032451734,0.2364215850830078,0.2,0.0881591796875,0.003,0.21578340232372284,0.008099204435347928,2120
32.547000000000004,4740,1753088,214,290.3,369,-0.13735915264114737,1.5630098119028843,0.073320165,0.4133492112159729,0.2,0.10440673828125,0.003,0.5706409811973572,0.011889813386733294,2130
18.134,4740,1761280,215,174.34,371,-0.24141300179762765,2.5474808977451175,0.06032966,-0.1137157678604126,0.2,0.14263916015625,0.003,0.882125198841095,-0.00352986625093763,2140
19.006999999999998,4740,1769472,216,181.09,373,-0.22433510850532912,2.2382967536803333,0.038687292,0.25806039571762085,0.2,0.1453125,0.003,1.0804263353347778,0.009644826138719509,2150
20.846999999999998,4740,1777664,217,196.07,374,-0.19248838968924248,1.708968132105656,0.032927737,0.4453856945037842,0.2,0.1329345703125,0.003,0.4109102785587311,0.006273755453185004,2160
23.587999999999997,4740,1785856,218,218.17,376,-0.21179728032439016,2.014041895279661,0.04056806,0.4847726821899414,0.2,0.1345458984375,0.003,0.7788352966308594,0.010888439064001432,2170
23.923000000000002,4739,1794048,219,220.98,378,-0.16921594251180067,1.3596007216256112,0.04460636,0.32049423456192017,0.2,0.12777099609375,0.003,0.35670238733291626,0.007447737873008009,2180
25.998,4740,1802240,220,237.41,380,-0.22498964515980333,1.5874115670332685,0.026629504,0.4364991784095764,0.2,0.156005859375,0.003,1.3752962350845337,0.008982006555743282,2190
20.666,4740,1810432,221,194.62,381,-0.22840741609688847,1.7056103959446773,0.04443547,0.45986247062683105,0.2,0.12476806640625,0.003,0.9659950137138367,0.001300617235210666,2200
22.833000000000002,4740,1818624,222,212.33,383,-0.24544508529361336,1.7759202688932418,0.03474736,0.46093130111694336,0.2,0.106689453125,0.003,0.7974144220352173,-0.00037901978776062607,2210
22.853000000000005,4740,1826816,223,212.44,385,-0.1933648998674471,1.3693581013707443,0.049238212,0.3205944895744324,0.2,0.12098388671875,0.003,0.5417026281356812,0.0044614161920435436,2220
24.255,4741,1835008,224,223.94,387,-0.22219860515906475,1.502667482267134,0.037565753,0.47503507137298584,0.2,0.1169677734375,0.003,1.168839931488037,0.006436675119311985,2230
16.000000000000004,4741,1843200,225,156.78,388,-0.1944399804546265,1.639051267853938,0.04878538,0.38156402111053467,0.2,0.1071533203125,0.003,0.6281726360321045,0.017918719762019465,2240
10.873,4741,1851392,226,115.86,390,-0.30558636822970586,1.0560871983179823,0.20631151,0.2014973759651184,0.2,0.24166259765625,0.003,0.1174633651971817,-0.019143597146103274,2250
10.57,4742,1859584,227,113.37,392,-0.3166994816856459,0.6273333457414992,0.046092965,0.6292769610881805,0.2,0.17960205078125,0.003,0.4876951277256012,0.017967427453550046,2260
9.606,4742,1867776,228,105.89,393,-0.4173353224410675,0.45198243973427454,0.07815697,0.8419061750173569,0.2,0.23900146484375,0.003,0.043399833142757416,-0.00012811054020858136,2270
9.121000000000002,4743,1875968,229,102.03,395,-0.40439971948508174,0.3214793139894027,0.023548044,0.8274919241666794,0.2,0.163037109375,0.003,0.1290682852268219,0.003060494945384562,2280
9.345,4744,1884160,230,103.82,397,-0.3692864980432205,0.22062087766244076,0.029500242,0.9120226949453354,0.2,0.1446044921875,0.003,0.11587609350681305,0.0022359955124557017,2290
9.824000000000002,4744,1892352,231,106.99,398,-0.38293155808933077,0.14081096134905238,0.026462559,0.9234729930758476,0.2,0.10965576171875,0.003,0.04358155280351639,0.005013851267904101,2300
10.969,4744,1900544,232,116.19,400,-0.3379486190970056,0.2545463183312677,0.017123047,0.8539191037416458,0.2,0.10703125,0.003,0.08552268147468567,-0.004566050975699909,2310
12.311999999999998,4745,1908736,233,127.37,402,-0.31727583799511194,0.2671795429545455,0.024923809,0.8627518564462662,0.2,0.10186767578125,0.003,0.13683930039405823,0.0021126711690158118,2320
13.435,4745,1916928,234,136.53,403,-0.32785518747987225,0.25796850292827,0.01690052,0.8582134991884232,0.2,0.0921630859375,0.003,0.12003077566623688,0.0017272994829909294,2330
14.497,4746,1925120,235,144.72,405,-0.28752455484354866,0.3538337721314747,0.024830405,0.8442697823047638,0.2,0.0886962890625,0.003,0.11545878648757935,0.004802960955203162,2340
14.339,4746,1933312,236,142.96,407,-0.30124332315754143,0.45772142336936666,0.024906803,0.7705904543399811,0.2,0.0916748046875,0.003,0.13485053181648254,0.0015849811748921637,2350
14.114999999999998,4747,1941504,237,141.8,408,-0.2572152099921368,0.7590160354040563,0.024590986,0.6470149457454681,0.2,0.08856201171875,0.003,0.21711915731430054,-0.004872826227983751,2360
12.854000000000001,4747,1949696,238,131.44,410,-0.23297600958612746,0.8002665379550308,0.031365886,0.6659359335899353,0.2,0.095849609375,0.003,0.42298421263694763,-0.0003620957508246647,2370
14.158,4748,1957888,239,142.05,412,-0.20385423551779241,0.9260863454663195,0.022860674,0.6876349747180939,0.2,0.0818359375,0.003,0.2985913157463074,0.0021570068814980915,2380
16.484,4746,1966080,240,160.72,414,-0.22111183469532988,0.9320782862836495,0.041671053,0.5793398022651672,0.2,0.11270751953125,0.003,0.43754974007606506,0.0005728570657083764,2390
16.975,4745,1974272,241,164.73,415,-0.16614063217421063,0.9248993249260821,0.03449689,0.4999074935913086,0.2,0.077685546875,0.003,0.34279096126556396,0.003163078854595369,2400
17.468999999999998,4746,1982464,242,168.5,417,-0.14010004386072977,0.9223718928406015,0.025918473,0.503220796585083,0.2,0.07423095703125,0.003,0.2277798354625702,0.0012909138695249567,2410
19.405,4746,1990656,243,183.72,419,-0.1362540708447341,1.246328309411183,0.03098838,0.43967539072036743,0.2,0.08453369140625,0.003,0.44792693853378296,0.00918060236490419,2420
21.945,4746,1998848,244,203.99,421,-0.138242873371928,1.0418078064336442,0.027621945,0.48789429664611816,0.2,0.08800048828125,0.003,0.6726553440093994,0.00360735757076327,2430
23.190999999999995,4745,2007040,245,213.93,422,-0.1368625738978153,1.248064542771317,0.0527322,0.31189650297164917,0.2,0.08641357421875,0.003,0.35513976216316223,0.005282066090148874,2440
27.639000000000006,4744,2015232,246,250.04,424,-0.11302429148345254,1.349647133774124,0.028109249,0.40388554334640503,0.2,0.07720947265625,0.003,0.6331902146339417,0.00042683060546551134,2450
30.132999999999996,4744,2023424,247,270.21,426,-0.12092694099410436,1.219370083278045,0.052350834,0.18684643507003784,0.2,0.0948486328125,0.003,0.6271122694015503,0.007909102229405107,2460
33.865,4745,2031616,248,300.6,428,-0.11653480373788624,1.4842092912993394,0.035883736,0.16300755739212036,0.2,0.09329833984375,0.003,0.34838035702705383,0.004315339654021954,2470
39.646,4744,2039808,249,347.61,429,-0.10064415069355163,0.9020535496354569,0.051568154,0.19836890697479248,0.2,0.085791015625,0.003,0.2956079840660095,0.011792008229713246,2480
37.439,4745,2048000,250,330.31,431,-0.08648959001584444,0.9250434245215728,0.04379692,0.3647106885910034,0.2,0.062744140625,0.003,0.5450127720832825,0.013314708602683823,2490
33.834,4745,2056192,251,301.28,433,-0.0770387141368701,1.7829160734079779,0.08587931,0.34476685523986816,0.2,0.087353515625,0.003,1.6607897281646729,-0.0024554673793318214,2500
24.988000000000003,4745,2064384,252,229.74,434,-0.09089867027796572,1.4364753890084103,0.057442997,0.5297491550445557,0.2,0.0718994140625,0.003,0.5656895041465759,0.008033993989920418,2510
24.796,4746,2072576,253,227.64,436,-0.10366182724537794,1.4890552810393274,0.044309497,0.452606201171875,0.2,0.08026123046875,0.003,0.6233066916465759,0.0028047878187862805,2520
15.241000000000001,4746,2080768,254,150.36,438,-0.13355715316429267,1.8710539078805595,0.07571693,0.38798773288726807,0.2,0.10853271484375,0.003,0.9016751646995544,-0.001139824348501861,2530
11.1,4746,2088960,255,116.78,440,-0.06377084025598379,1.4379204637138172,0.13054976,0.5762949585914612,0.2,0.12490234375,0.003,0.5239389538764954,0.032459408035720116,2540
9.999000000000002,4747,2097152,256,108.65,441,-0.17066662740544417,0.5922300553531386,0.14062029,0.7173629403114319,0.2,0.18753662109375,0.003,0.13057857751846313,0.009247038591638557,2550
9.655,4747,2105344,257,106.29,443,-0.1519101121404674,0.7364220123272389,0.023635224,0.8249169886112213,0.2,0.0829833984375,0.003,0.18259292840957642,0.004716082607592398,2560
9.895,4748,2113536,258,108.42,445,-0.16875114674912767,0.5751288948813453,0.042624332,0.8799170628190041,0.2,0.0987548828125,0.003,0.2749350965023041,-0.000467292060420732,2570
11.225999999999999,4748,2121728,259,118.76,446,-0.2344999139138963,0.5594608646351844,0.056896627,0.8498101383447647,0.2,0.14176025390625,0.003,0.2461649477481842,0.011712181299662916,2580
13.814,4748,2129920,260,139.6,448,-0.24727330551249907,0.7530891597969458,0.032346003,0.7519995868206024,0.2,0.096435546875,0.003,0.4439345896244049,0.0008305378025397659,2590
12.615999999999996,4749,2138112,261,129.69,450,-0.2621657365525607,0.8067315588705242,0.049448065,0.5801033675670624,0.2,0.1523193359375,0.003,0.4977090656757355,0.004392001182532112,2600
12.801000000000002,4749,2146304,262,130.73,451,-0.2395483798463829,0.8804286583093927,0.027330967,0.6346017420291901,0.2,0.0885498046875,0.003,0.2826157510280609,0.00011748889983209665,2610
15.485000000000003,4749,2154496,263,152.53,453,-0.20533891493687406,0.966524232365191,0.032618485,0.5794560015201569,0.2,0.079931640625,0.003,0.4576044976711273,0.0007763118692309945,2620
20.195,4750,2162688,264,190.54,455,-0.171084029879421,1.0732912340667098,0.023655485,0.3658543825149536,0.2,0.074560546875,0.003,0.4644280672073364,0.002756279365348746,2630
23.463999999999995,4750,2170880,265,217.02,456,-0.1515763917734148,0.8727165148244239,0.04783429,0.2919108271598816,0.2,0.087109375,0.003,0.24210405349731445,0.00697976328592631,2640
27.869,4750,2179072,266,252.34,458,-0.13951594495447353,1.0018332671839745,0.024977624,0.22719275951385498,0.2,0.07540283203125,0.003,0.32156801223754883,0.002935438959320891,2650
31.221,4751,2187264,267,279.11,460,-0.1458282267994946,0.9560710358666256,0.032867417,0.34960442781448364,0.2,0.08768310546875,0.003,0.5114352703094482,0.0017363951039442327,2660
35.302,4751,2195456,268,311.91,462,-0.15574102096725256,0.9676103573059663,0.0551264,0.415910005569458,0.2,0.11806640625,0.003,0.4540097713470459,-0.0013169072426535422,2670
37.009,4751,2203648,269,325.56,463,-0.15189992146915757,1.354045100347139,0.045555003,0.17671805620193481,0.2,0.0913330078125,0.003,1.076258659362793,0.0027127417461088044,2680
32.699,4751,2211840,270,290.29,465,-0.1442214721988421,1.555029265023768,0.040134866,0.2748669385910034,0.2,0.09217529296875,0.003,1.2050957679748535,0.0026634767878022103,2690
31.458999999999993,4752,2220032,271,280.95,467,-0.17786164861172438,1.5790887301322072,0.03264098,0.23719334602355957,0.2,0.11319580078125,0.003,1.589726209640503,-0.007075351825005782,2700
34.992999999999995,4752,2228224,272,309.72,468,-0.12673526581202169,1.4929155234363862,0.042330615,0.33886873722076416,0.2,0.097021484375,0.003,1.4209694862365723,0.010491454508701282,2710
37.751,4752,2236416,273,331.9,470,-0.11478018690395402,1.2395085229189136,0.044822548,0.29567569494247437,0.2,0.104443359375,0.003,1.5317516326904297,0.00914038049750161,2720
37.089,4753,2244608,274,326.9,472,-0.11771493635023944,1.0481454895052593,0.03315825,0.4385874271392822,0.2,0.09227294921875,0.003,0.20575009286403656,0.006438325620183605,2730
38.175,4753,2252800,275,335.51,473,-0.14477918304037302,2.6929086931515487,0.040386148,0.22869503498077393,0.2,0.08656005859375,0.003,1.1829111576080322,0.003199583893729141,2740
36.223,4753,2260992,276,319.86,475,-0.08729075142327929,1.7064075724687426,0.050234757,0.24304163455963135,0.2,0.083740234375,0.003,0.3121648132801056,0.008467155486505363,2750
36.128,4754,2269184,277,319.0,477,-0.10912808133143699,1.465054420242086,0.054980054,0.3856034278869629,0.2,0.09052734375,0.003,1.522742748260498,0.011348103741875093,2760
39.562,4754,2277376,278,346.77,479,-0.08249164752778597,1.218368874315638,0.079279855,0.3523169755935669,0.2,0.07392578125,0.003,0.4289131462574005,0.0076008275638741905,2770
41.402,4754,2285568,279,361.39,480,-0.1256828296754975,1.6688914910890162,0.048506983,0.5213987231254578,0.2,0.0923095703125,0.003,0.835663378238678,0.0030151774581099744,2780
42.422999999999995,4754,2293760,280,369.71,482,-0.12420876094256528,1.4283004762372002,0.040483043,0.5161224603652954,0.2,0.09781494140625,0.003,1.5510629415512085,0.006109592901157157,2790
45.018,4754,2301952,281,390.26,484,-0.09077239328908035,1.3587861626991071,0.040166147,0.4918742775917053,0.2,0.08082275390625,0.003,0.9791710376739502,0.008904625007016876,2800
43.785,4754,2310144,282,380.09,485,-0.0941854021519248,1.2433696022257208,0.04995164,0.2616296410560608,0.2,0.0939208984375,0.003,0.49979424476623535,0.006132010724832071,2810
47.07299999999999,4755,2318336,283,406.67,487,-0.09521539832203416,1.438937214424368,0.08130825,0.12147831916809082,0.2,0.10728759765625,0.003,0.38413020968437195,-0.0019093244987743673,2820
53.769,4754,2326528,284,461.03,489,-0.07865073239445337,1.019878776773112,0.031951163,0.01135343313217163,0.2,0.08521728515625,0.003,1.046778917312622,0.018114625665566562,2830
57.407,4754,2334720,285,490.39,491,-0.08998729320592247,1.7439554893644527,0.028281434,0.12858766317367554,0.2,0.0761474609375,0.003,1.0946141481399536,0.012781293135140004,2840
58.35599999999999,4754,2342912,286,497.9,492,-0.11004440512333531,1.0693060072197114,0.06719321,0.2716760039329529,0.2,0.09571533203125,0.003,0.23938651382923126,0.0027528475528015408,2850
59.82599999999999,4754,2351104,287,509.9,494,-0.07724899953755085,1.5811486201826483,0.02504624,0.28851258754730225,0.2,0.061279296875,0.003,0.5763986110687256,0.005243970835545042,2860
63.588,4755,2359296,288,540.23,496,-0.08363544845124124,0.8955480497563257,0.052389506,0.3637269139289856,0.2,0.080615234375,0.003,1.6010305881500244,0.008376326036977844,2870
68.078,4755,2367488,289,576.85,497,-0.10795246741909068,1.3572151852131356,0.037349463,0.35955941677093506,0.2,0.09169921875,0.003,0.23265723884105682,0.0022262866595156084,2880
67.189,4755,2375680,290,569.67,499,-0.10300985898065847,1.1418757272476796,0.050625008,0.2779291868209839,0.2,0.09752197265625,0.003,1.2065573930740356,0.003562601415615063,2890
69.041,4756,2383872,291,584.68,501,-0.10055287679570028,1.2589614557218738,0.060694776,0.2540963292121887,0.2,0.08759765625,0.003,1.3349374532699585,0.005179929085807089,2900
62.94200000000001,4755,2392064,292,535.3,502,-0.10422396948270034,1.3960685735801235,0.05969707,0.4400942325592041,0.2,0.09613037109375,0.003,1.026146411895752,0.0036844906729129436,2910
53.86600000000001,4755,2400256,293,462.27,504,-0.09829123140807497,1.9294925966998562,0.035776988,0.36978262662887573,0.2,0.0801513671875,0.003,0.6072983741760254,0.00688744832204975,2920
46.162,4754,2408448,294,400.26,506,-0.10035322426701895,1.876839901250787,0.06323383,0.3510953187942505,0.2,0.078955078125,0.003,0.9468526244163513,0.005123995214489696,2930
42.312,4754,2416640,295,368.96,508,-0.097307950809045,2.4824469800805673,0.06530199,0.3645196557044983,0.2,0.10948486328125,0.003,0.5367171168327332,0.006740057033539415,2940
35.51200000000001,4754,2424832,296,313.47,509,-0.1344554315233836,1.1364355033845641,0.043768577,4.1544437408447266e-05,0.2,0.115673828125,0.003,0.2506299912929535,0.004371311220347706,2950
29.698,4755,2433024,297,265.68,511,-0.1388598301942693,2.056601187540218,0.03873811,0.23688042163848877,0.2,0.08685302734375,0.003,0.3178943395614624,0.002547579075144313,2960
23.178999999999995,4755,2441216,298,213.18,513,-0.15048420122184325,1.9451003236463293,0.02804156,0.34391117095947266,0.2,0.08585205078125,0.003,0.37098920345306396,0.0006299403465163777,2970
21.206999999999997,4755,2449408,299,198.41,515,-0.14644042927684495,2.1668292596936225,0.057313688,0.26601094007492065,0.2,0.09864501953125,0.003,1.2402458190917969,0.006958131419742131,2980
23.565,4756,2457600,300,218.12,516,-0.12970661996369018,2.185327540431172,0.033110835,0.5277537405490875,0.2,0.08531494140625,0.003,1.696952223777771,0.011160729185394302,2990
26.893,4756,2465792,301,245.19,518,-0.13972232986125163,1.5423779961420223,0.05909872,0.49419277906417847,0.2,0.09715576171875,0.003,0.6578194499015808,0.008563416527249502,3000
32.601,4756,2473984,302,291.11,520,-0.13294273695792072,1.4437696319189854,0.029265413,0.2910952568054199,0.2,0.0890869140625,0.003,1.3618807792663574,0.007998413716813957,3010
35.26599999999999,4755,2482176,303,312.54,521,-0.12643427940784022,1.7327543697552756,0.061259814,0.39128750562667847,0.2,0.0924560546875,0.003,0.5249770283699036,0.01088691039931291,3020
36.834,4755,2490368,304,325.34,523,-0.12063534013868775,1.3926449763588606,0.043624252,0.20002055168151855,0.2,0.0988525390625,0.003,0.3349917232990265,0.005756990894860791,3030
34.192,4755,2498560,305,303.69,525,-0.11831155545951333,1.5789787490153686,0.04537852,0.34998267889022827,0.2,0.0942626953125,0.003,1.375822901725769,0.011320893801530474,3040
35.527,4755,2506752,306,314.61,527,-0.12358952833310469,1.6594063963042571,0.04809254,0.38685131072998047,0.2,0.08408203125,0.003,0.48384198546409607,0.005693740164315386,3050
