time/time_elapsed,rollout/ep_rew_mean,time/fps,rollout/ep_len_mean,time/total_timesteps,time/iterations,train/learning_rate,train/explained_variance,train/n_updates,train/value_loss,train/loss,train/approx_kl,train/entropy_loss,train/policy_gradient_loss,train/clip_fraction,train/clip_range
0,9.0,20077,101.0,8192,1,,,,,,,,,,
2,9.0,7711,101.0,16384,2,0.0009967232,0.2599698305130005,10,0.02967492562102052,0.011837298050522804,0.013309949,-0.6822890791576356,-0.0012579563535837224,0.03577880859375,0.2
3,9.0,6406,101.0,24576,3,0.0009934464,0.8413131237030029,20,0.007896660379265086,-0.003929708618670702,0.009753653,-0.6615019937511534,-0.0004500705537793692,0.05250244140625,0.2
5,9.0,5920,101.0,32768,4,0.0009901696,0.9482330530881882,30,0.002479654640865192,0.007505873683840036,0.011768619,-0.6277921999339015,-2.7700214559445156e-06,0.09615478515625,0.2
7,9.0,5669,101.0,40960,5,0.0009868928000000001,0.9830759577453136,40,0.002435125607792088,-0.0029647764749825,0.004433222,-0.6025933287572116,0.0005419179560703924,0.03328857421875,0.2
8,9.0,5503,101.0,49152,6,0.000983616,0.9940407290123403,50,0.0011388747477667494,0.004979284945875406,0.006892814,-0.5620320805115625,0.00022244353531277738,0.07427978515625,0.2
10,9.0,5398,101.0,57344,7,0.0009803392,0.9984545460902154,60,0.0004413741131656934,0.00822727382183075,0.004013028,-0.6055034339427948,-0.0005103284092911053,0.04017333984375,0.2
12,9.0,5321,101.0,65536,8,0.0009770624,0.9993097193655558,70,0.0016782892003334381,-0.00017138273688033223,0.00969754,-0.6287799426354468,-0.0028467943787291007,0.09471435546875,0.2
14,9.0,5263,101.0,73728,9,0.0009737856,0.9996893799398094,80,0.0012265980885104,-0.010101704858243465,0.0061550955,-0.611261026468128,-0.003518927388176962,0.060595703125,0.2
15,9.0,5213,101.0,81920,10,0.0009705088,0.9998035531316418,90,0.0007653507914199053,0.005095636937767267,0.006162561,-0.6245045365300029,-0.005313448610559135,0.06756591796875,0.2
17,9.0,5176,101.0,90112,11,0.000967232,0.9997057001164649,100,0.0013201951546420788,-0.004274831153452396,0.0057509216,-0.6379057670943439,-0.004478393913450418,0.04940185546875,0.2
19,9.0,5140,101.0,98304,12,0.0009639552,0.9995001529459842,110,0.002339101552206557,0.004637725651264191,0.008002915,-0.6304214644711464,-0.006365497368187789,0.0824462890625,0.2
20,9.005,5108,101.05,106496,13,0.0009606784000000001,0.9995336426072754,120,0.0019841258119868144,-0.02148730494081974,0.007557337,-0.6218237107619643,-0.008223750386423489,0.1069091796875,0.2
22,9.02,5086,101.2,114688,14,0.0009574016,0.9995293614920229,130,0.0019051069526312859,-0.011582574807107449,0.01079089,-0.5982941423542798,-0.011352500105567742,0.1592041015625,0.2
24,9.033000000000001,5067,101.33,122880,15,0.0009541248,0.9989205681486055,140,0.003994099514875416,-0.014777746051549911,0.013627823,-0.5601396852172911,-0.008951299022373859,0.13060302734375,0.2
25,8.774,5050,98.74,131072,16,0.000950848,0.99343614699319,150,0.011715126280978438,-0.01233711652457714,0.028150514,-0.4954729444812983,-0.011812816580641084,0.18121337890625,0.2
27,8.908999999999999,5022,100.09,139264,17,0.0009475712000000001,0.9436697661876678,160,0.14644572716060794,0.011020924896001816,0.015197892,-0.42952985358424484,-0.011968865455855848,0.118994140625,0.2
29,9.177999999999999,4995,102.78,147456,18,0.0009442944,0.9769580345600843,170,0.09597474784677615,0.02701115980744362,0.0070207054,-0.37111422936432065,-0.0024968869160147734,0.0676513671875,0.2
31,9.193000000000001,4978,102.75,155648,19,0.0009410176,0.9699431918561459,180,0.12361427390715107,0.05922359973192215,0.0064379713,-0.34031902846181766,-0.0037522232326409723,0.07471923828125,0.2
33,9.199,4950,102.81,163840,20,0.0009377408000000001,0.9697951525449753,190,0.1326884217240149,0.06257185339927673,0.0044951756,-0.3236716677201912,-0.0008018833763344446,0.054052734375,0.2
34,9.126999999999999,4929,102.09,172032,21,0.000934464,0.9628160037100315,200,0.16550049706711434,0.08250800520181656,0.0047184443,-0.3214425530983135,7.188984473032179e-05,0.058837890625,0.2
36,9.212,4912,102.94,180224,22,0.0009311872000000001,0.946649469435215,210,0.2385307836753782,0.12150490283966064,0.0053682174,-0.33683739815605807,-0.0016829906558996298,0.05933837890625,0.2
38,9.231,4897,103.04,188416,23,0.0009279104,0.9593849331140518,220,0.1722897102299612,0.08531291037797928,0.005260922,-0.2998295799829066,-0.00044012245471094504,0.05223388671875,0.2
40,9.292,4883,103.38,196608,24,0.0009246336,0.9677519872784615,230,0.13781943903886712,0.05802885442972183,0.005204292,-0.28593783364631237,-0.0019333824884597561,0.07113037109375,0.2
42,9.452,4873,104.35,204800,25,0.0009213568,0.9478553049266338,240,0.22918574273935519,0.10205681622028351,0.005631027,-0.28395166906993835,-0.002551595427939901,0.06512451171875,0.2
43,9.743,4868,106.54,212992,26,0.00091808,0.9385343864560127,250,0.25735827746102585,0.0766911581158638,0.008230822,-0.27000059934798626,-0.0026260228838509646,0.071533203125,0.2
45,10.112,4864,109.33,221184,27,0.0009148032,0.939215149730444,260,0.24980118997045792,0.13194268941879272,0.00587574,-0.23166641391580925,-0.0012649643276745337,0.0573486328125,0.2
47,10.425,4851,111.47,229376,28,0.0009115264,0.9084386900067329,270,0.34309108345769346,0.16649660468101501,0.006621332,-0.259377860033419,-0.0005290016679282417,0.05521240234375,0.2
49,10.503,4845,112.43,237568,29,0.0009082496,0.9073529541492462,280,0.33929081992246213,0.12565116584300995,0.004270116,-0.23658493041293696,-0.0004688462275225902,0.05069580078125,0.2
50,11.020999999999999,4844,116.53,245760,30,0.0009049728,0.9215090423822403,290,0.31207992608542556,0.21069256961345673,0.0038410178,-0.22217379590729253,-0.0010832435078555135,0.04951171875,0.2
52,11.285,4840,118.63,253952,31,0.0009016960000000001,0.9118014574050903,300,0.3387729503563605,0.1305573284626007,0.005463243,-0.2187921691860538,-0.0012587430041094195,0.05308837890625,0.2
54,11.825,4836,123.22,262144,32,0.0008984192,0.8965398594737053,310,0.4021349058835767,0.2170591503381729,0.0060290555,-0.21186777094844728,-0.0018248133717861492,0.0591552734375,0.2
55,12.168,4832,125.66,270336,33,0.0008951424000000001,0.887006551027298,320,0.44161321844439955,0.2502281665802002,0.0069943448,-0.21029541220050305,-0.0006328492603643099,0.0489501953125,0.2
57,13.127,4828,132.82,278528,34,0.0008918656,0.8538746684789658,330,0.4895355814136565,0.10921044647693634,0.006830263,-0.18021635824698023,-0.00027603748512774475,0.049951171875,0.2
59,13.429999999999998,4826,135.4,286720,35,0.0008885888,0.8802621513605118,340,0.3569965174770914,0.19106385111808777,0.0074588563,-0.16885921758366748,-0.00019688988231791882,0.05086669921875,0.2
61,13.683000000000002,4824,137.93,294912,36,0.000885312,0.8559617251157761,350,0.4116762840072624,0.2210821509361267,0.007650469,-0.1793291269103065,-0.0006618552703002934,0.0568603515625,0.2
62,14.137,4817,141.48,303104,37,0.0008820352,0.859491765499115,360,0.49642771887592974,0.15674905478954315,0.009786371,-0.17627561444533058,0.00029342088073462945,0.052001953125,0.2
64,13.973000000000003,4811,140.02,311296,38,0.0008787583999999999,0.9122701436281204,370,0.33803987106657585,0.11571021378040314,0.005444926,-0.1725055440911092,-0.001031330486148363,0.064208984375,0.2
66,15.08,4809,149.11,319488,39,0.0008754816,0.8877417221665382,380,0.4384495767648332,0.168283611536026,0.0057365764,-0.16755060751456768,-0.001331403977383161,0.05880126953125,0.2
68,15.565999999999999,4805,153.16,327680,40,0.0008722048000000001,0.8670741617679596,390,0.5557758338400163,0.10581087321043015,0.009622901,-0.14213759001577272,-0.0017686390285234666,0.06182861328125,0.2
69,15.143999999999998,4804,149.93,335872,41,0.000868928,0.8506354540586472,400,0.4853590633254498,0.19183160364627838,0.007342823,-0.16438675693352706,0.0005201864100854436,0.05882568359375,0.2
71,15.076999999999998,4799,149.62,344064,42,0.0008656512000000001,0.8992310091853142,410,0.42997600497328675,0.15714064240455627,0.004465593,-0.15754347793990747,0.0020889745217573365,0.04984130859375,0.2
73,15.939,4797,156.8,352256,43,0.0008623744,0.8568558543920517,420,0.5908405807218514,0.24022047221660614,0.008821239,-0.13176713122811634,-0.00021558131020356087,0.049755859375,0.2
75,16.243,4791,159.03,360448,44,0.0008590976000000001,0.8518789261579514,430,0.6185243438696488,0.3814167380332947,0.01190459,-0.1306203238782473,-0.0003135266272693116,0.04893798828125,0.2
76,16.63,4789,162.09,368640,45,0.0008558208,0.8428700119256973,440,0.7219348679878749,0.2639414370059967,0.006281914,-0.13496508193493356,0.0012376072601000486,0.0495849609375,0.2
78,16.616999999999997,4788,161.69,376832,46,0.000852544,0.8428450226783752,450,0.6557950442424044,0.22613346576690674,0.004775356,-0.13030107256781776,-0.00013454325890052132,0.04315185546875,0.2
80,16.267,4788,159.0,385024,47,0.0008492672,0.8650791347026825,460,0.5655190446297638,0.34362271428108215,0.0044595054,-0.1237810056481976,0.0024230082064605083,0.04281005859375,0.2
82,16.96,4787,165.03,393216,48,0.0008459904,0.9075806736946106,470,0.47282902513397856,0.15044339001178741,0.006553231,-0.12331222810025792,0.0011051112460336299,0.0461669921875,0.2
83,18.538999999999998,4787,177.58,401408,49,0.0008427136,0.8441183418035507,480,0.7356088715139777,0.29712772369384766,0.011856786,-0.12032180734095163,0.0011020832826034166,0.04908447265625,0.2
85,19.375,4786,184.14,409600,50,0.0008394368,0.7312021851539612,490,0.8493993996409699,0.5445564985275269,0.039248295,-0.1433283061312977,0.0002583777562904288,0.05556640625,0.2
87,19.75,4786,187.08,417792,51,0.0008361600000000001,0.7051533162593842,500,0.7245473556569777,0.2042275220155716,0.009217126,-0.15604549159179443,-0.0007992946681042668,0.0572021484375,0.2
89,19.230999999999998,4785,183.06,425984,52,0.0008328831999999999,0.7933369278907776,510,0.7365694925538264,0.33713480830192566,0.0100591015,-0.14518562559387646,0.00018409105377941158,0.0574462890625,0.2
90,19.887999999999998,4785,188.46,434176,53,0.0008296064,0.7498025894165039,520,0.9734434864949435,0.6208431720733643,0.0074041183,-0.14394590214651543,0.0008061426626227331,0.0478271484375,0.2
92,21.023000000000003,4785,197.65,442368,54,0.0008263296,0.7054143249988556,530,1.0209643975831568,0.3146665692329407,0.006816973,-0.14162071749742608,0.0007796018864610233,0.05364990234375,0.2
94,21.0,4785,197.24,450560,55,0.0008230528000000001,0.718466579914093,540,1.0198476924793796,0.4720812737941742,0.008380485,-0.14135664799250663,0.0030711432329553643,0.04713134765625,0.2
95,22.093000000000004,4785,206.1,458752,56,0.000819776,0.6869091093540192,550,1.1587268130853772,0.2636157274246216,0.0067995484,-0.1539824451028835,-0.00018942955994134537,0.04871826171875,0.2
97,22.701999999999998,4784,211.11,466944,57,0.0008164992,0.625989556312561,560,1.1369625788647681,0.42033901810646057,0.0060375566,-0.1360540671099443,0.0019151888540363871,0.03916015625,0.2
99,24.05,4784,221.98,475136,58,0.0008132224000000001,0.6320295035839081,570,1.2579298848519103,0.31186428666114807,0.006740199,-0.14590449246461504,0.000982926498818415,0.04742431640625,0.2
101,21.830000000000005,4783,203.83,483328,59,0.0008099456,0.6153993606567383,580,1.289370215893723,0.42746198177337646,0.008537245,-0.1303449355822522,0.0018799367542669642,0.043798828125,0.2
102,24.245000000000005,4783,223.03,491520,60,0.0008066688,0.5443870425224304,590,1.5693234965670855,0.6687353253364563,0.021063842,-0.14013358212541788,0.0003008485306054354,0.05186767578125,0.2
104,23.302,4783,215.49,499712,61,0.000803392,0.5287684798240662,600,1.4120608605910092,0.4589410424232483,0.006788833,-0.1283070998470066,0.0006570789737452287,0.04508056640625,0.2
106,25.25,4783,231.1,507904,62,0.0008001152000000001,0.5310603678226471,610,1.5372802884317935,0.5999749898910522,0.007906968,-0.1417813694512006,0.00027645553072943587,0.05150146484375,0.2
107,24.537,4782,225.05,516096,63,0.0007968383999999999,0.48323196172714233,620,1.6466871894430368,0.9668161869049072,0.009586381,-0.1356627066154033,0.0016249631607934134,0.04686279296875,0.2
109,24.410999999999998,4782,223.43,524288,64,0.0007935616,0.4825083017349243,630,1.5370025815209374,0.8722864389419556,0.007983454,-0.13958215959137305,-0.00039284584672714116,0.04854736328125,0.2
111,26.142,4782,237.68,532480,65,0.0007902848,0.5350852608680725,640,1.4527309354161844,0.4695896804332733,0.0056920853,-0.13837221522117032,0.0012838506416301243,0.0461181640625,0.2
113,28.506999999999998,4781,257.01,540672,66,0.0007870080000000001,0.5055806040763855,650,1.3224595678970217,0.792556881904602,0.009163553,-0.12920894926937762,-0.0002476022279552126,0.04755859375,0.2
114,31.362,4781,280.43,548864,67,0.0007837311999999999,0.48431408405303955,660,1.2701888988958672,0.5817741751670837,0.011989238,-0.1161571491335053,0.0020829933546337998,0.04483642578125,0.2
116,33.474000000000004,4779,297.68,557056,68,0.0007804544,0.47650110721588135,670,1.3858475621789694,0.6558547616004944,0.009585868,-0.13369129783823155,0.0005671666562193422,0.0522705078125,0.2
118,33.713,4779,299.53,565248,69,0.0007771776000000001,0.4333236813545227,680,1.5366567573742942,0.8337117433547974,0.0066779596,-0.13501963946328033,0.0014492352140223375,0.05318603515625,0.2
119,35.40899999999999,4778,313.07,573440,70,0.0007739008000000001,0.5011493861675262,690,1.3513383164652624,0.6530516147613525,0.007527928,-0.11469005162362009,0.0032445112681671164,0.04427490234375,0.2
121,38.087,4778,334.54,581632,71,0.000770624,0.4986709952354431,700,1.4926185397431255,0.76871657371521,0.0060187466,-0.12467675305088051,0.00254578559397487,0.04320068359375,0.2
123,42.172,4777,367.47,589824,72,0.0007673472,0.44314903020858765,710,1.031876768078655,0.2557494640350342,0.0047449293,-0.10036105887847953,0.0027952552944952914,0.039794921875,0.2
125,46.205,4777,400.15,598016,73,0.0007640704000000001,0.4291142225265503,720,1.2878680943045766,0.6130475401878357,0.006433675,-0.11015461639908608,0.0017271821197027749,0.0477783203125,0.2
126,48.298,4776,417.21,606208,74,0.0007607935999999999,0.4217602610588074,730,1.1734595158486627,0.9194867610931396,0.0076953885,-0.10895438038569409,0.002557714803333511,0.043896484375,0.2
128,49.341,4776,425.66,614400,75,0.0007575168,0.5925939679145813,740,1.32744895669166,0.8911712765693665,0.0060993494,-0.11112698097713292,0.00336240774468024,0.04248046875,0.2
130,48.083,4776,415.69,622592,76,0.00075424,0.5431084930896759,750,1.257238856004551,0.42988333106040955,0.009154554,-0.1024669683771208,0.0029852786370611283,0.04755859375,0.2
132,44.88399999999999,4775,390.0,630784,77,0.0007509632,0.5083284974098206,760,1.6665656470693648,0.4688246548175812,0.0066527333,-0.1165042807435384,0.0007605003993376158,0.0510009765625,0.2
133,39.62500000000001,4775,347.04,638976,78,0.0007476864,0.4501758813858032,770,1.5392797203501687,1.1830447912216187,0.004831747,-0.10268597134272568,0.007311739386022964,0.049755859375,0.2
135,33.988,4775,300.93,647168,79,0.0007444096,0.24597758054733276,780,2.3964725143508985,1.2938863039016724,0.015535442,-0.11811321607674471,-0.0009172972077067243,0.0568359375,0.2
137,36.128,4775,317.83,655360,80,0.0007411328,0.1897243857383728,790,2.2188811423722656,0.4409501850605011,0.009974372,-0.11826801224087831,-0.0011403647617044045,0.0555419921875,0.2
138,36.363,4775,319.46,663552,81,0.0007378560000000001,0.34004396200180054,800,1.4262797929579392,0.9595128297805786,0.008486804,-0.11316487242293079,0.0026728502632977326,0.0536865234375,0.2
140,40.068,4775,349.67,671744,82,0.0007345792,0.3678722381591797,810,1.339310463622678,0.31585341691970825,0.011366194,-0.10156636860629079,0.000836962080484227,0.04774169921875,0.2
142,42.927,4775,372.86,679936,83,0.0007313024,0.25731414556503296,820,1.7276338935364037,0.5583720803260803,0.03323993,-0.134539221029263,-0.00542360714989627,0.0734619140625,0.2
144,50.18600000000001,4774,431.68,688128,84,0.0007280256000000001,0.43654340505599976,830,1.0551075406256132,0.37347856163978577,0.018163614,-0.1159382378711598,0.003357926842818415,0.0502197265625,0.2
145,55.41,4774,474.11,696320,85,0.0007247487999999999,0.4055554270744324,840,1.104796197474934,0.5814792513847351,0.004935839,-0.09948852132074534,0.0026285359400390006,0.0403564453125,0.2
147,62.29,4773,529.68,704512,86,0.000721472,0.5358200669288635,850,0.8908322465256788,0.1493038386106491,0.0067908787,-0.10291775661025895,0.0027399706472351682,0.0446044921875,0.2
149,62.50899999999999,4773,531.78,712704,87,0.0007181952000000001,0.2335447072982788,860,0.9836087799747475,0.18139782547950745,0.006037147,-0.09834939362190198,0.0026135319281820556,0.0457275390625,0.2
151,67.97699999999999,4770,576.2,720896,88,0.0007149184,0.14356815814971924,870,1.4144627207657323,0.19521349668502808,0.009212749,-0.10398403974540997,6.394013453245862e-05,0.04346923828125,0.2
152,65.879,4767,559.09,729088,89,0.0007116416,0.341511607170105,880,1.1281881710747257,0.37775248289108276,0.00887579,-0.09229023650550516,0.0019376384874703946,0.04193115234375,0.2
154,66.921,4766,567.62,737280,90,0.0007083648,0.31944388151168823,890,1.5338078369619326,0.6758041977882385,0.009902975,-0.10291545548825524,0.00042724737468233796,0.034326171875,0.2
156,63.287,4764,538.03,745472,91,0.000705088,0.24075812101364136,900,1.7914054282242433,0.7133422493934631,0.009661155,-0.09312942106625996,-4.1558279735909307e-05,0.0396484375,0.2
158,48.37400000000002,4761,417.61,753664,92,0.0007018112000000001,0.433216392993927,910,1.2015696028247476,0.6524559855461121,0.011615431,-0.11654307360295206,-6.613640662180841e-05,0.0667724609375,0.2
160,42.39400000000001,4760,369.33,761856,93,0.0006985344,0.32181912660598755,920,2.2244791065342726,1.3443981409072876,0.012954794,-0.13029281446360982,0.003635575095358945,0.04365234375,0.2
161,41.882000000000005,4758,365.38,770048,94,0.0006952575999999999,0.43458789587020874,930,1.8535064703784883,0.34181246161460876,0.011694214,-0.10539483342290623,-0.001827507646066806,0.0516845703125,0.2
163,44.578,4758,387.12,778240,95,0.0006919808000000001,0.24499189853668213,940,1.4417248919489793,0.30304622650146484,0.021462085,-0.13182450158055872,0.0010395012483058962,0.079052734375,0.2
165,46.751000000000005,4756,404.8,786432,96,0.0006887039999999999,0.2558909058570862,950,1.2553715607733467,0.3401027321815491,0.0077732736,-0.11442022206319961,0.002058787693385966,0.0473388671875,0.2
167,52.410999999999994,4757,450.69,794624,97,0.0006854272,0.3043828010559082,960,0.8964424729696475,0.2931492030620575,0.0066316384,-0.09793446103940369,0.002173096891692694,0.05067138671875,0.2
168,58.99599999999999,4756,503.85,802816,98,0.0006821504000000001,0.4055798649787903,970,1.3310421730566304,0.8346643447875977,0.009679945,-0.11561379086633679,0.0025570315152435795,0.04141845703125,0.2
170,63.797000000000004,4756,542.68,811008,99,0.0006788736,0.3142414093017578,980,0.8918721839785576,2.6638600826263428,0.013689436,-0.11537671990517992,0.003611888335854019,0.0548095703125,0.2
172,69.284,4756,587.02,819200,100,0.0006755968,0.4108392596244812,990,1.2505311440909281,0.8669235110282898,0.00802126,-0.11285234093666077,0.0016893095875275322,0.04952392578125,0.2
173,73.44900000000001,4756,620.57,827392,101,0.00067232,0.37654900550842285,1000,1.629095279518515,0.2673417925834656,0.008607825,-0.1126358114182949,0.00037552811645582553,0.0485595703125,0.2
175,78.73899999999999,4756,663.21,835584,102,0.0006690432,0.5356725752353668,1010,1.0079766155569814,0.2461247742176056,0.009575137,-0.10121099802490789,0.003342021502703574,0.0521240234375,0.2
177,82.589,4756,694.24,843776,103,0.0006657664,0.3981250524520874,1020,1.0530277078447399,0.6967968940734863,0.0072411997,-0.09793653478409396,0.0028778845131455454,0.0496826171875,0.2
179,86.963,4756,729.61,851968,104,0.0006624896,0.5208946168422699,1030,0.5848934414971154,0.16003647446632385,0.009454602,-0.08849924530222779,0.001391928139673837,0.04591064453125,0.2
180,88.35000000000002,4756,740.78,860160,105,0.0006592127999999999,0.4861072897911072,1040,0.8772148317657411,1.0134212970733643,0.009166802,-0.08569357483502245,0.002155700104231073,0.041259765625,0.2
182,88.404,4757,741.14,868352,106,0.0006559360000000001,0.4074171185493469,1050,0.6922064932237845,0.24169890582561493,0.007185041,-0.07982431709824596,0.0033275136199335973,0.04212646484375,0.2
184,89.573,4756,750.4,876544,107,0.0006526592000000001,0.3950998783111572,1060,1.1391395771293902,0.5196874141693115,0.008220365,-0.09338751280156429,0.0042811383101252435,0.03876953125,0.2
185,87.03399999999999,4756,729.87,884736,108,0.0006493824,0.5209481418132782,1070,0.9944805102888494,0.10534786432981491,0.009588374,-0.08055958225450013,0.0021820958569151116,0.04259033203125,0.2
187,97.13900000000001,4757,811.48,892928,109,0.0006461056000000001,0.18658751249313354,1080,0.6663435107679107,0.1237860769033432,0.012441387,-0.0795964516713866,0.005187961295996501,0.04239501953125,0.2
189,101.605,4757,847.5,901120,110,0.0006428288,0.26710784435272217,1090,1.2223369980754797,0.845727801322937,0.010754606,-0.09699222277122317,0.00030446215687334187,0.04525146484375,0.2
191,103.96500000000002,4757,866.42,909312,111,0.000639552,0.15626102685928345,1100,0.27368840912531595,0.21031402051448822,0.00967416,-0.07500737490336178,0.004369449993464514,0.045263671875,0.2
192,104.57,4757,871.39,917504,112,0.0006362752,0.2882068157196045,1110,1.4524647205835208,0.041250765323638916,0.0071367947,-0.10439730503712781,-0.00016152200059877942,0.03902587890625,0.2
194,109.62599999999999,4757,912.05,925696,113,0.0006329984,0.3373481035232544,1120,0.6072831468947697,0.8542176485061646,0.008706446,-0.08528961593983694,0.0024852609297795424,0.04273681640625,0.2
196,109.35299999999998,4757,909.77,933888,114,0.0006297216,0.11636418104171753,1130,1.4322144741541707,0.2861568331718445,0.0076156277,-0.09740813547396102,0.00046785745726083403,0.0416015625,0.2
198,96.04700000000001,4755,802.18,942080,115,0.0006264448,0.39729416370391846,1140,1.1327561837388203,0.6218606233596802,0.007732626,-0.09861519152327673,0.0025072673790418774,0.04298095703125,0.2
199,92.48900000000002,4754,773.44,950272,116,0.000623168,0.32531243562698364,1150,1.8084583922172897,1.4505722522735596,0.011490272,-0.12220497776870616,-0.001480514875584049,0.04298095703125,0.2
201,94.29899999999999,4754,788.12,958464,117,0.0006198912,0.3100482225418091,1160,1.8587137661408633,0.8115330338478088,0.0059677884,-0.106236118869856,0.0020285481791688653,0.04375,0.2
203,81.19599999999998,4753,682.11,966656,118,0.0006166144000000001,-0.00392603874206543,1170,0.8178714114241302,0.3095901310443878,0.010436863,-0.08162183095264482,0.0037220200241790736,0.04552001953125,0.2
205,78.458,4752,659.86,974848,119,0.0006133375999999999,0.26155632734298706,1180,1.7634996489039623,0.9500197768211365,0.019647075,-0.11452706747804768,-0.0003426912498980528,0.04368896484375,0.2
206,81.04299999999999,4752,680.76,983040,120,0.0006100608000000001,0.22753524780273438,1190,1.5037797337281518,0.5764381885528564,0.018488243,-0.11242181746929418,-0.0013507480187854525,0.05406494140625,0.2
208,78.116,4751,657.34,991232,121,0.000606784,0.20777863264083862,1200,0.9181799480051268,0.06070813164114952,0.008252682,-0.09051552765595261,0.0016511385560079362,0.04404296875,0.2
210,77.36399999999999,4750,651.35,999424,122,0.0006035072,0.4259135127067566,1210,1.2326611341501121,0.3988688588142395,0.0064972183,-0.09681799343088641,7.364992870861897e-05,0.03736572265625,0.2
212,80.762,4748,678.85,1007616,123,0.0006002304,0.322814404964447,1220,1.37566588181071,0.24669526517391205,0.008318715,-0.09844715203216765,0.003466611489193383,0.04290771484375,0.2
213,84.523,4748,709.35,1015808,124,0.0005969536,0.27580469846725464,1230,1.0252651277114637,0.7406142354011536,0.010432945,-0.09724121872568503,0.00018191267490692554,0.04635009765625,0.2
215,80.77000000000001,4748,679.29,1024000,125,0.0005936768000000001,0.40450555086135864,1240,1.2672849658876657,0.39591899514198303,0.016325995,-0.103513254201971,0.0013558721710978717,0.04298095703125,0.2
217,75.764,4747,639.13,1032192,126,0.0005904,0.1883576512336731,1250,1.9712625652202405,0.8177232146263123,0.024950434,-0.13725271518342197,-0.001971204232177115,0.06873779296875,0.2
219,50.716,4748,437.34,1040384,127,0.0005871232,0.2682051658630371,1260,2.2254417727468536,1.0350934267044067,0.009247655,-0.14778270486858675,-8.711938917258522e-05,0.05604248046875,0.2
220,48.382000000000005,4748,418.5,1048576,128,0.0005838464,0.32534515857696533,1270,2.6163214767351746,1.3165287971496582,0.004959868,-0.17418971674051137,-0.0007671585988646256,0.03743896484375,0.2
222,46.547999999999995,4748,403.76,1056768,129,0.0005805696000000001,0.11849647760391235,1280,1.293895980063826,0.9202142953872681,0.00797053,-0.1107124593880144,0.0013359027545448044,0.0419921875,0.2
224,47.64900000000001,4748,412.61,1064960,130,0.0005772927999999999,0.528766930103302,1290,1.2985670868540182,1.1765162944793701,0.011568055,-0.12073680398170836,9.537581399854389e-05,0.043115234375,0.2
226,49.79599999999999,4748,430.12,1073152,131,0.0005740160000000001,0.3025038242340088,1300,1.438113291573245,0.5423220992088318,0.0064255996,-0.1000589627539739,0.0010502995844944962,0.04169921875,0.2
227,55.26800000000001,4748,474.31,1081344,132,0.0005707392,0.5211204886436462,1310,0.7781327564211097,0.2219245731830597,0.0056910403,-0.10071020348113961,0.0019238906992541161,0.0405517578125,0.2
229,61.705,4748,526.08,1089536,133,0.0005674623999999999,0.44819462299346924,1320,1.193401929270476,1.0579829216003418,0.008664086,-0.10080028842203319,0.001453066683097859,0.04075927734375,0.2
231,68.938,4748,584.37,1097728,134,0.0005641856000000001,0.5417965650558472,1330,1.2919760059332475,0.715578556060791,0.013757357,-0.11311688552377745,-0.0010071370958030456,0.05635986328125,0.2
232,74.76100000000001,4748,631.26,1105920,135,0.0005609088,0.6461615860462189,1340,0.8644114941649604,0.11983124911785126,0.0059968233,-0.09798721941333496,0.003223496592272568,0.0427490234375,0.2
234,80.721,4748,679.34,1114112,136,0.0005576320000000001,0.574872761964798,1350,0.37985910903371406,0.11546815931797028,0.009265689,-0.0806585596408695,-0.00014924032402632292,0.05010986328125,0.2
236,77.53299999999999,4748,653.58,1122304,137,0.0005543552,0.402462899684906,1360,1.004840321157826,0.3963993191719055,0.006212335,-0.09419706769112964,-2.0108538137719734e-05,0.03682861328125,0.2
238,80.582,4748,678.13,1130496,138,0.0005510784,0.41114407777786255,1370,1.002128157747211,0.1538080871105194,0.012380889,-0.0964682027042727,0.0004749955857732857,0.0463134765625,0.2
239,83.89900000000002,4748,704.82,1138688,139,0.0005478016,0.5144025087356567,1380,2.0028816947946324,0.7952817678451538,0.010906551,-0.1267646088002948,-0.0007482967806936358,0.03221435546875,0.2
241,79.056,4748,665.66,1146880,140,0.0005445248000000001,0.6025354862213135,1390,0.9731638451397885,0.40073221921920776,0.010799923,-0.09106126788683469,0.0007330459427976165,0.04378662109375,0.2
243,70.41900000000001,4748,596.03,1155072,141,0.0005412479999999999,0.44660139083862305,1400,1.009689773072023,0.42683282494544983,0.010577062,-0.09644062948937063,0.001609788132373069,0.04891357421875,0.2
244,64.885,4748,551.4,1163264,142,0.0005379712,0.4631825089454651,1410,2.1154547369107606,1.1965159177780151,0.013201241,-0.14047773809579667,-0.0032278229664370883,0.053466796875,0.2
246,64.82,4748,550.84,1171456,143,0.0005346944,0.2533174157142639,1420,1.5059840334346517,0.5148082971572876,0.009413372,-0.10395316961221397,0.0031254988164619137,0.05118408203125,0.2
248,61.736,4748,525.94,1179648,144,0.0005314175999999999,0.25715750455856323,1430,0.5921115520526655,0.45030826330184937,0.009764704,-0.07845483060227706,0.0028716979633827576,0.0429443359375,0.2
250,67.916,4747,575.68,1187840,145,0.0005281408000000001,0.410091757774353,1440,1.1974220606847665,0.21019521355628967,0.0063964,-0.10487588668765965,-0.001750351404734829,0.03377685546875,0.2
251,74.727,4747,630.65,1196032,146,0.000524864,0.32155394554138184,1450,1.343592865683604,0.08004026859998703,0.010238681,-0.10204886404972058,-0.00035947405676779455,0.04505615234375,0.2
253,74.303,4745,627.22,1204224,147,0.0005215872,0.4066838026046753,1460,0.8734608241997194,0.8186562061309814,0.0063064015,-0.08179070628248156,0.0012195981222703268,0.04344482421875,0.2
255,76.499,4745,644.95,1212416,148,0.0005183104,0.14866292476654053,1470,0.8878671702928841,0.92534339427948,0.014549568,-0.09573030400060815,0.0027933540183767034,0.0498779296875,0.2
257,82.53299999999999,4745,693.59,1220608,149,0.0005150336,0.18288898468017578,1480,1.5943112345878034,0.4268565773963928,0.010526792,-0.11631505588593427,0.0009577615088346647,0.04295654296875,0.2
258,82.293,4745,691.55,1228800,150,0.0005117568,0.38885653018951416,1490,0.9963083214592189,0.10214821249246597,0.0083120335,-0.10241365519468673,0.0008421128251939081,0.041064453125,0.2
260,75.521,4745,636.88,1236992,151,0.0005084800000000001,0.30340254306793213,1500,2.0665527668083086,0.7076599597930908,0.008072268,-0.12394745241326746,-0.0013127712412824622,0.04417724609375,0.2
262,77.576,4745,653.38,1245184,152,0.0005052031999999999,0.35826748609542847,1510,1.4880993559607305,0.8821814060211182,0.00847164,-0.10886153687024488,0.0010468480614690633,0.04188232421875,0.2
264,83.42,4745,700.57,1253376,153,0.0005019264,0.33034175634384155,1520,0.9900859732821118,0.619755744934082,0.0053175986,-0.086660446197493,0.001131208125661942,0.0381591796875,0.2
265,91.23099999999998,4745,763.65,1261568,154,0.0004986496000000001,0.48836004734039307,1530,0.5947034324286505,0.039132922887802124,0.0064493627,-0.07822795292231603,0.0013888036004573224,0.03419189453125,0.2
267,93.339,4745,780.59,1269760,155,0.0004953728,0.36780112981796265,1540,0.6106466857687337,0.3503901958465576,0.0061600814,-0.08488928047299851,0.0008432044227447477,0.0346923828125,0.2
269,93.05499999999998,4745,778.2,1277952,156,0.000492096,0.2848140597343445,1550,0.6230194080679212,0.07509289681911469,0.008327976,-0.0813507320926874,-0.0049447457046881025,0.0435302734375,0.2
271,98.994,4745,826.25,1286144,157,0.0004888192,0.39368659257888794,1560,0.7204593532747822,0.5726302266120911,0.0045250407,-0.08029632944380864,-1.8132705827156313e-05,0.03394775390625,0.2
272,98.19399999999997,4745,819.78,1294336,158,0.0004855424000000001,0.3820769190788269,1570,0.8249731184565462,0.11078564077615738,0.007400304,-0.07475834899523762,0.002596602762605471,0.03455810546875,0.2
274,110.40599999999999,4745,918.23,1302528,159,0.0004822656,0.5715451836585999,1580,0.47315554177912417,0.12894123792648315,0.007186724,-0.07041540055070072,0.0015120742686121958,0.039306640625,0.2
276,109.62899999999999,4745,911.9,1310720,160,0.0004789888,0.3473660349845886,1590,0.7506655529665295,0.14127512276172638,0.0043752706,-0.07801209009048762,-7.196940105131943e-05,0.0321044921875,0.2
277,115.81300000000002,4745,961.77,1318912,161,0.00047571200000000004,0.5378355085849762,1600,0.6894177821843186,0.23051568865776062,0.005504384,-0.0762567141195177,0.0010453183517711295,0.03177490234375,0.2
279,118.413,4745,982.73,1327104,162,0.00047243520000000007,0.4916609525680542,1610,1.380689827457536,0.392996609210968,0.007277285,-0.08057400958350627,-0.0001761693780281348,0.02921142578125,0.2
281,119.81300000000002,4745,994.03,1335296,163,0.0004691584,0.3488292694091797,1620,0.6871224653092213,0.461758017539978,0.0075328145,-0.07100778763851849,0.000723260631912126,0.0388916015625,0.2
283,137.686,4745,1138.29,1343488,164,0.0004658816,0.559451699256897,1630,0.12360986299463547,0.016016121953725815,0.0077625657,-0.06374964561036904,0.0019215231080124795,0.03717041015625,0.2
284,142.442,4745,1176.76,1351680,165,0.00046260480000000003,0.2952187657356262,1640,1.1247481675294693,0.7241157293319702,0.0047063455,-0.08531517953597359,0.0006001083939736418,0.02935791015625,0.2
286,147.398,4745,1216.87,1359872,166,0.00045932799999999995,0.5428368151187897,1650,0.7969460223859641,0.05271587148308754,0.0047075506,-0.08879984675877495,0.0003061697275370534,0.03427734375,0.2
288,148.63400000000001,4745,1226.8,1368064,167,0.0004560512,0.3953631520271301,1660,0.8999144066590816,1.6251248121261597,0.0065713767,-0.08214193491003244,0.001576739964684748,0.03436279296875,0.2
290,147.532,4745,1217.76,1376256,168,0.00045277440000000005,0.2053980827331543,1670,0.798424544808222,0.12132489681243896,0.006310462,-0.0712673190239002,0.00045141418968341895,0.036767578125,0.2
291,149.02700000000002,4745,1229.83,1384448,169,0.0004494976000000001,0.3726332187652588,1680,0.7841926052729832,0.06460677832365036,0.007551919,-0.07070367799606174,0.0018538058457124862,0.02913818359375,0.2
293,150.911,4745,1245.16,1392640,170,0.0004462208,0.1747625470161438,1690,0.34214164479635656,0.05671795457601547,0.010372316,-0.07572563099383842,0.002824294190577348,0.0453369140625,0.2
295,150.94500000000002,4745,1245.5,1400832,171,0.000442944,0.2725595235824585,1700,0.8590546654741047,1.0210626125335693,0.0054838816,-0.09672140050606685,-0.0010390089500106115,0.03076171875,0.2
296,145.144,4745,1198.65,1409024,172,0.00043966720000000004,0.4085822105407715,1710,0.9295474041835405,0.2807943820953369,0.009133682,-0.09557414101436734,-0.00021126939600435435,0.03448486328125,0.2
298,137.684,4745,1138.63,1417216,173,0.00043639039999999996,0.420024573802948,1720,0.898639899835689,0.5563176274299622,0.0062287254,-0.0931800419362844,4.905282839899883e-05,0.03382568359375,0.2
300,142.966,4745,1181.37,1425408,174,0.0004331136,0.39703047275543213,1730,1.1149517098907382,0.17861120402812958,0.007412006,-0.08921905150345992,0.0013780095474430708,0.03212890625,0.2
302,83.82000000000002,4745,704.66,1433600,175,0.0004298368,0.2109031081199646,1740,0.7527561253198656,0.06375128030776978,0.020771299,-0.09449608408322092,6.574988219654188e-05,0.05277099609375,0.2
303,40.381,4746,354.42,1441792,176,0.00042656000000000004,0.2810850739479065,1750,3.4148930334486067,0.9890974164009094,0.007207677,-0.1970059601997491,-0.002320889787733904,0.03223876953125,0.2
305,22.357,4745,208.92,1449984,177,0.00042328319999999995,0.4960634708404541,1760,3.1040008476004006,1.6378082036972046,0.0050489204,-0.17320927858818322,-0.003918212846656388,0.04423828125,0.2
307,26.808000000000003,4745,244.88,1458176,178,0.00042000640000000003,0.42688119411468506,1770,2.4439632810652254,1.6673943996429443,0.008148251,-0.14643544188293162,-0.002124246883977321,0.03897705078125,0.2
308,35.275000000000006,4745,313.26,1466368,179,0.00041672960000000006,0.5460033714771271,1780,2.0283589750993998,0.6698264479637146,0.008341037,-0.14262945212540218,-0.0007118743274986628,0.03931884765625,0.2
310,42.06399999999999,4745,367.92,1474560,180,0.00041345279999999997,0.39074569940567017,1790,0.9893948929209728,0.16120868921279907,0.010938022,-0.1015113486442715,-0.0003113903457233391,0.04869384765625,0.2
312,45.613,4746,396.48,1482752,181,0.000410176,0.420554518699646,1800,1.4530691172578372,0.24369272589683533,0.006134591,-0.10845268613484223,0.0003949256179112126,0.0367919921875,0.2
314,50.896,4744,438.96,1490944,182,0.0004068992,0.6278406977653503,1810,0.5851764588616788,0.42080754041671753,0.0044554393,-0.09197754431370413,0.0012210571327159413,0.03133544921875,0.2
315,62.845,4744,535.41,1499136,183,0.00040362240000000005,0.6566935181617737,1820,0.7824820142704993,0.04337168484926224,0.0056111766,-0.0855385674352874,-0.000515735652334115,0.03070068359375,0.2
317,67.98599999999999,4744,576.56,1507328,184,0.00040034559999999996,0.4165193438529968,1830,0.7962639853038127,0.20664891600608826,0.0044903243,-0.08039727930736262,0.003843790804785385,0.0295166015625,0.2
319,75.729,4744,639.05,1515520,185,0.0003970688,0.3665652275085449,1840,1.562569762673229,0.3201568126678467,0.004513933,-0.10499329692102037,-0.0017986174148063583,0.03572998046875,0.2
321,82.836,4744,696.08,1523712,186,0.000393792,0.3944240212440491,1850,1.1232698969775812,0.23125219345092773,0.0076872073,-0.09127596076286863,0.0005558205451961839,0.03653564453125,0.2
322,85.09599999999999,4744,714.18,1531904,187,0.0003905152,0.43565380573272705,1860,1.3676870723487808,0.36100852489471436,0.0050770934,-0.10239865405601449,-0.0020755080263370473,0.03460693359375,0.2
324,84.20599999999999,4744,706.81,1540096,188,0.0003872384,0.26358622312545776,1870,1.191307768796105,0.3704676032066345,0.011292414,-0.10316452231199946,0.0007113248141649819,0.0439453125,0.2
326,87.22099999999999,4744,731.29,1548288,189,0.00038396160000000003,0.319396436214447,1880,1.2208991150255315,0.6646572351455688,0.00419356,-0.08764802417572355,0.0004389217403513612,0.02847900390625,0.2
328,88.904,4744,744.88,1556480,190,0.00038068480000000006,0.30446475744247437,1890,0.7868297307257308,0.23126102983951569,0.00749664,-0.08619101907825097,-0.0006338970059914572,0.0373046875,0.2
329,92.21199999999999,4743,771.57,1564672,191,0.000377408,0.26478463411331177,1900,0.18634054365829797,0.018885698169469833,0.006270413,-0.0664870345426607,0.00158837433118606,0.03214111328125,0.2
331,111.84599999999999,4743,929.93,1572864,192,0.0003741312,0.2088802456855774,1910,0.19823240730911493,0.00991093460470438,0.0037660538,-0.06842719545093132,9.482649766141548e-05,0.02962646484375,0.2
333,116.044,4743,963.81,1581056,193,0.0003708544,0.4116303324699402,1920,0.6991012227488682,0.8613031506538391,0.0038125464,-0.08190557377820369,-0.0005114416302603786,0.02515869140625,0.2
335,120.10599999999998,4743,996.6,1589248,194,0.00036757759999999994,0.6433922052383423,1930,0.2765820393789909,0.03324602171778679,0.0038008546,-0.07306636632783921,0.0008368932623852743,0.02896728515625,0.2
336,116.89200000000001,4743,970.49,1597440,195,0.00036430079999999997,0.495927631855011,1940,1.2025507313548587,1.1461619138717651,0.005254685,-0.0881205092111486,-0.0010637471603331505,0.036181640625,0.2
338,124.82099999999998,4743,1034.48,1605632,196,0.00036102400000000005,0.16144239902496338,1950,0.7785098218038911,0.3223838806152344,0.005713734,-0.0826012858102331,-0.00023769875151629093,0.0364501953125,0.2
340,128.322,4743,1062.74,1613824,197,0.00035774720000000007,0.34334564208984375,1960,0.7801325589418411,0.5563647747039795,0.00472938,-0.07781751584407175,0.00012019271198369098,0.02896728515625,0.2
342,132.137,4740,1093.51,1622016,198,0.0003544704,0.4142341613769531,1970,0.8801927093358245,0.30577942728996277,0.005749316,-0.08069577818823745,-0.00020611296422430315,0.0309814453125,0.2
343,131.606,4739,1089.19,1630208,199,0.0003511936,0.13222664594650269,1980,0.9760438213066663,0.8121869564056396,0.004850523,-0.08108582927961834,-0.0009666494058365061,0.02962646484375,0.2
345,138.77,4739,1147.15,1638400,200,0.00034791680000000004,0.19395118951797485,1990,0.7166425642324612,0.10022659599781036,0.0054282304,-0.08670132998813643,0.0007403331370369415,0.03509521484375,0.2
347,139.906,4739,1156.35,1646592,201,0.00034463999999999995,0.5220867097377777,2000,1.1184050525364,0.16917353868484497,0.0045787767,-0.09483091475267429,-0.0015634709381629364,0.0279052734375,0.2
349,139.725,4739,1155.08,1654784,202,0.0003413632,0.433208703994751,2010,1.497931365936529,0.5339542627334595,0.0058980733,-0.09706870613008504,-0.0009640128171668038,0.0311279296875,0.2
350,142.65900000000002,4739,1178.75,1662976,203,0.0003380864,0.4602552652359009,2020,1.0884810996882153,0.699536919593811,0.0058007096,-0.08210531278600683,-1.0629676944517997e-05,0.02833251953125,0.2
352,141.63,4739,1170.44,1671168,204,0.00033480960000000003,0.22136390209197998,2030,0.6854726678400767,0.08114404231309891,0.0042998726,-0.07701629324219539,0.0016096433721031645,0.0290283203125,0.2
354,122.38600000000001,4739,1015.17,1679360,205,0.00033153279999999994,0.3118664026260376,2040,0.8500655880110571,0.1554267257452011,0.0050758934,-0.07638046765932813,0.0002895785703913134,0.02740478515625,0.2
356,121.87199999999999,4730,1010.84,1687552,206,0.000328256,0.13319480419158936,2050,0.9772068154328736,0.09144755452871323,0.0050245114,-0.08504280216438928,-6.464182461058954e-05,0.03402099609375,0.2
358,107.49699999999999,4729,895.08,1695744,207,0.00032497920000000005,0.01632589101791382,2060,1.6802251866844018,1.0530153512954712,0.005627511,-0.09855721828353126,-0.0006220359102371731,0.03173828125,0.2
360,105.44900000000001,4728,878.65,1703936,208,0.00032170240000000007,0.07776188850402832,2070,2.4149334801360967,2.308199167251587,0.009836905,-0.10972134582116269,-0.0022255590349232078,0.027587890625,0.2
362,108.892,4728,906.42,1712128,209,0.0003184256,0.09246397018432617,2080,0.6815124689630465,0.14928370714187622,0.003960852,-0.07994045342638856,0.0021450287535571986,0.02843017578125,0.2
363,107.57800000000002,4729,895.8,1720320,210,0.0003151488,0.16903775930404663,2090,1.1102038608922158,0.8130907416343689,0.0048720753,-0.08909436430985807,-0.0004922229697513103,0.030126953125,0.2
365,108.46600000000001,4726,902.97,1728512,211,0.00031187200000000004,0.28346872329711914,2100,0.5881708536588122,0.20351561903953552,0.0040833876,-0.07574133245943812,0.001458026525688183,0.03282470703125,0.2
367,107.182,4725,892.65,1736704,212,0.00030859519999999996,0.34395092725753784,2110,1.944320013478864,2.8484013080596924,0.0039572143,-0.09997844080644427,-0.0015547575101663824,0.02142333984375,0.2
369,107.56400000000002,4724,895.57,1744896,213,0.0003053184,0.03489023447036743,2120,1.0034398279327434,0.9160727262496948,0.0028163935,-0.07843748440936907,0.0006891886979701667,0.02493896484375,0.2
371,113.62100000000001,4724,944.44,1753088,214,0.0003020416,0.30857694149017334,2130,0.6731729894963792,0.36602458357810974,0.0041169203,-0.08095119788777083,-0.0005174051354515541,0.03062744140625,0.2
372,110.773,4723,921.45,1761280,215,0.0002987648000000001,0.41991740465164185,2140,0.371052406130184,0.0993032455444336,0.0023634322,-0.0709906995514757,-0.0001520549573797325,0.026416015625,0.2
374,111.306,4723,925.7,1769472,216,0.000295488,0.5283227860927582,2150,0.6225012075039558,0.314919114112854,0.0030877986,-0.0735621290637937,-8.177589897968573e-05,0.02847900390625,0.2
376,128.582,4721,1065.07,1777664,217,0.0002922112,0.5600691735744476,2160,0.4176128903927747,0.01862337999045849,0.0044524805,-0.07171431914466667,-6.597302526643035e-05,0.028564453125,0.2
378,123.04900000000002,4720,1020.45,1785856,218,0.00028893440000000005,0.18445253372192383,2170,0.7602688935017795,0.1589001566171646,0.0026116525,-0.07404073837387841,-0.00011321496203891002,0.02154541015625,0.2
380,124.711,4719,1034.01,1794048,219,0.00028565759999999997,0.37083107233047485,2180,1.005254776851507,0.09265965223312378,0.0058473083,-0.08875230383418967,0.0010152091282179753,0.0265625,0.2
381,128.532,4718,1065.02,1802240,220,0.0002823808,0.3419782519340515,2190,0.8671906965930247,0.5114514827728271,0.003017111,-0.07618379708292196,-0.0008985934770862514,0.02642822265625,0.2
383,132.477,4717,1096.82,1810432,221,0.000279104,0.28110945224761963,2200,1.716673782444559,0.12315723299980164,0.0042416295,-0.0990652074891841,-0.0019002365965206992,0.02430419921875,0.2
385,129.003,4717,1068.74,1818624,222,0.00027582720000000004,0.5633717775344849,2210,0.7580566145887133,0.784275472164154,0.003176368,-0.0844377672940027,-0.00027674495377141286,0.02783203125,0.2
387,133.31,4717,1103.53,1826816,223,0.00027255039999999996,0.549598217010498,2220,0.5127876809856389,0.06140656769275665,0.003645519,-0.0769183705560863,0.00041175799706252294,0.0328369140625,0.2
389,135.394,4717,1120.14,1835008,224,0.0002692736,0.5290792286396027,2230,0.6133142159844283,0.3811476230621338,0.0025216925,-0.08047528176830383,0.0001303805533098057,0.028369140625,0.2
390,137.131,4717,1134.18,1843200,225,0.00026599680000000006,0.6183117032051086,2240,0.8775804813893047,1.0924938917160034,0.0043740124,-0.0908539269992616,0.00023996099598662114,0.0272216796875,0.2
392,144.545,4717,1194.01,1851392,226,0.00026272,0.5995109677314758,2250,0.7186564205476316,0.3148391842842102,0.0044409763,-0.08642201273323735,-0.0008002262249647174,0.0266845703125,0.2
394,146.938,4717,1213.26,1859584,227,0.0002594432,0.6649088561534882,2260,0.4223145870142616,0.2807774841785431,0.0033847657,-0.08264475440082605,0.0004677987253671745,0.0258056640625,0.2
395,154.493,4717,1274.32,1867776,228,0.00025616640000000003,0.5602458715438843,2270,0.6443135729496134,1.803488850593567,0.005887816,-0.08166522902029101,-0.0015213342776405625,0.02996826171875,0.2
397,151.51,4717,1250.25,1875968,229,0.00025288960000000005,0.4294220209121704,2280,0.7780474475090159,0.3444153368473053,0.0044895615,-0.08107259314856492,-0.0007329399055379327,0.02935791015625,0.2
399,128.303,4717,1062.82,1884160,230,0.00024961279999999997,0.3526400327682495,2290,0.956377329758834,0.09118051826953888,0.0038665028,-0.08672703885385999,-0.00050916751006298,0.024560546875,0.2
401,129.392,4716,1071.55,1892352,231,0.000246336,0.4439614415168762,2300,1.1974455495073926,0.3651750981807709,0.0031360057,-0.08937261401297292,-0.0009378826011925412,0.02508544921875,0.2
402,129.97,4716,1076.25,1900544,232,0.00024305920000000005,0.36684882640838623,2310,0.5334070839948254,0.6919627785682678,0.0031540233,-0.07951016457082005,-8.231518486354617e-05,0.02701416015625,0.2
404,138.335,4714,1143.97,1908736,233,0.00023978239999999996,0.631958395242691,2320,0.36884994919091696,0.1020851656794548,0.0028306576,-0.07217672398473951,0.0009683250941634469,0.0248046875,0.2
406,142.75400000000002,4713,1179.61,1916928,234,0.0002365056,0.5511479377746582,2330,0.9723756949126254,0.17577297985553741,0.0028609037,-0.08487065196532058,-0.00111579596714364,0.02220458984375,0.2
408,146.68300000000002,4712,1211.34,1925120,235,0.0002332288,0.4819009304046631,2340,0.9576845633098856,0.09894710034132004,0.0027662916,-0.08032500183471711,-0.0013061461728284484,0.0283203125,0.2
410,148.957,4711,1229.76,1933312,236,0.00022995200000000004,0.7405445873737335,2350,0.5370041805959772,0.08932358771562576,0.0030809017,-0.07120560826588189,-0.0007346782079366676,0.0233154296875,0.2
412,154.642,4711,1275.63,1941504,237,0.00022667519999999998,0.6977114081382751,2360,0.4354060783691239,0.6658202409744263,0.006134915,-0.0759372019485454,-0.0007324194622924552,0.02808837890625,0.2
413,148.954,4710,1229.73,1949696,238,0.0002233984,0.598939836025238,2370,0.6937921419274062,0.3944748342037201,0.0039006593,-0.08113600611250149,0.0004753010821332282,0.0268310546875,0.2
415,140.963,4710,1165.21,1957888,239,0.00022012160000000003,0.515456885099411,2380,0.5723675714223646,0.06994181871414185,0.002537832,-0.074309307000658,-0.000768263733243657,0.021240234375,0.2
417,158.785,4710,1309.14,1966080,240,0.00021684479999999995,0.5996255874633789,2390,0.5459154419077095,0.032024867832660675,0.0021521759,-0.07213212892384036,-0.0007179434313002275,0.02095947265625,0.2
419,159.80999999999997,4710,1317.41,1974272,241,0.00021356799999999997,0.47570955753326416,2400,0.6837445555924205,0.042772673070430756,0.008430994,-0.07830672626878368,-0.002342921752097027,0.0402099609375,0.2
420,161.836,4710,1333.71,1982464,242,0.00021029120000000002,0.5010144412517548,2410,0.25417326972237786,0.03745076805353165,0.0035259114,-0.06913603741340921,-0.0010342427045543444,0.02974853515625,0.2
422,173.555,4710,1428.22,1990656,243,0.00020701440000000005,0.6124377548694611,2420,0.35882683079398703,0.0704585611820221,0.0022621213,-0.0638889384106733,-0.0008340465757100901,0.0270263671875,0.2
424,172.673,4709,1421.02,1998848,244,0.00020373759999999997,0.6207000315189362,2430,0.28618641853026927,0.028951426967978477,0.002339371,-0.06811555724780191,-4.083037601958495e-05,0.01923828125,0.2
426,178.62,4709,1469.06,2007040,245,0.0002004608,0.39434850215911865,2440,0.30908792483096476,0.020121462643146515,0.0025636829,-0.06740028245039867,-7.751807152089895e-06,0.02110595703125,0.2
427,186.89100000000002,4709,1535.75,2015232,246,0.00019718400000000004,0.23205822706222534,2450,0.4857257254232536,0.004863571375608444,0.0024686577,-0.07027719886245905,0.00020522288950814983,0.01805419921875,0.2
429,188.334,4708,1547.39,2023424,247,0.00019390719999999996,0.26367658376693726,2460,0.8067809226980899,0.43944838643074036,0.001673655,-0.07444538281997666,-0.0008501271693603484,0.0165771484375,0.2
431,187.079,4707,1537.27,2031616,248,0.00019063039999999998,0.44480645656585693,2470,0.37963949636468897,0.014323955401778221,0.0017401595,-0.0667968968191417,-0.00038947930370341054,0.0223388671875,0.2
433,199.74700000000004,4706,1639.56,2039808,249,0.0001873536,0.23070383071899414,2480,0.3590000196694746,0.05065994709730148,0.0021063033,-0.06439525822170253,0.00015589460836054058,0.0187744140625,0.2
435,199.94100000000003,4706,1641.14,2048000,250,0.00018407680000000003,0.44199496507644653,2490,0.5472781324977405,0.23477831482887268,0.0020034264,-0.07067233748020954,6.119529734860407e-06,0.02030029296875,0.2
436,202.771,4706,1663.95,2056192,251,0.00018079999999999998,0.46501487493515015,2500,0.6401742468558951,0.0748496875166893,0.0028783365,-0.07740363749617245,-0.0005871452959581802,0.01551513671875,0.2
438,220.053,4706,1803.47,2064384,252,0.0001775232,0.49616873264312744,2510,0.4848494012636365,1.0425292253494263,0.0009797923,-0.06979601081693546,-0.0003397409323042666,0.01602783203125,0.2
440,218.232,4707,1788.68,2072576,253,0.00017424640000000003,0.27987605333328247,2520,0.7425327455552179,1.5619438886642456,0.0017852061,-0.06731075530624367,-0.0006570064437255496,0.01768798828125,0.2
442,209.495,4706,1717.96,2080768,254,0.00017096960000000005,0.39085978269577026,2530,0.693530939417542,1.2336242198944092,0.0019825445,-0.07560910718311789,-0.0006991453187765728,0.02125244140625,0.2
443,215.05400000000006,4706,1762.75,2088960,255,0.00016769279999999997,0.16323322057724,2540,1.1991951816919026,0.8448938727378845,0.0016019854,-0.07685206574969924,-0.0008273294261016417,0.01865234375,0.2
445,216.88200000000003,4706,1777.43,2097152,256,0.00016441600000000002,0.4600335955619812,2550,0.8264172782670357,0.052658502012491226,0.002548499,-0.070870212650334,-0.00019011264253094852,0.01826171875,0.2
447,222.086,4707,1819.39,2105344,257,0.00016113920000000004,0.24090760946273804,2560,0.5647858701791847,0.04129905253648758,0.0030247169,-0.06923148753121496,0.0002003214722208213,0.01854248046875,0.2
449,224.30400000000006,4706,1837.25,2113536,258,0.00015786239999999996,0.1830955147743225,2570,0.6426763318493613,0.06206188350915909,0.0024162,-0.06687618181895232,-0.0003567310741345864,0.01773681640625,0.2
450,220.329,4706,1805.15,2121728,259,0.00015458559999999999,0.22331303358078003,2580,0.9712634105133475,0.060471270233392715,0.0016257764,-0.07682067979767453,-0.0007592403382659541,0.01666259765625,0.2
452,221.86699999999996,4706,1817.56,2129920,260,0.00015130880000000004,0.4693140983581543,2590,0.7075937731933664,0.08016727864742279,0.004125679,-0.07619875910604605,-0.0009406288570517063,0.0208740234375,0.2
454,227.142,4706,1860.14,2138112,261,0.00014803200000000006,0.42124950885772705,2600,0.41696896934590766,0.0699896290898323,0.0023917882,-0.0625802023576398,-0.000842556273619266,0.0181396484375,0.2
456,230.082,4706,1883.87,2146304,262,0.00014475519999999998,0.5250847041606903,2610,0.39853514737624207,0.08098933100700378,0.0030581644,-0.06385575724270894,-0.0009986436390136077,0.0175537109375,0.2
457,229.64100000000005,4706,1880.36,2154496,263,0.0001414784,0.17292791604995728,2620,0.17169902765235748,0.8114975690841675,0.0034504938,-0.06712066230320488,8.279513785964809e-05,0.02034912109375,0.2
459,234.856,4706,1922.43,2162688,264,0.00013820160000000003,0.1370806097984314,2630,0.681432825657248,0.11160951852798462,0.0017227575,-0.07022376299864845,-0.000611758420473052,0.014111328125,0.2
461,235.12600000000003,4706,1924.68,2170880,265,0.00013492479999999995,0.20334208011627197,2640,0.823951254185522,0.03597859665751457,0.002304905,-0.07498898097255732,-9.032888274305151e-05,0.01695556640625,0.2
462,227.27800000000002,4706,1861.41,2179072,266,0.000131648,0.2663823962211609,2650,0.7092416336468886,0.062388405203819275,0.0018513995,-0.0703988049965119,-0.0007849836316381698,0.01602783203125,0.2
464,220.951,4707,1810.47,2187264,267,0.00012837120000000002,0.23705989122390747,2660,0.126144871476572,0.01607757806777954,0.0016516556,-0.06147990623721853,0.0001076801977433206,0.01607666015625,0.2
466,218.48200000000006,4707,1790.55,2195456,268,0.00012509440000000005,0.38230186700820923,2670,0.5633416607190156,0.060544174164533615,0.0015221409,-0.06710834610130405,-0.00014801985016674735,0.01302490234375,0.2
468,209.21900000000005,4707,1715.74,2203648,269,0.00012181759999999998,0.20545971393585205,2680,1.1642488362034782,0.342546671628952,0.0014521722,-0.07572224931864184,-0.0010286043065207196,0.0120849609375,0.2
469,205.265,4706,1683.67,2211840,270,0.0001185408,0.36678534746170044,2690,0.4004152065506787,0.03378323093056679,0.0013992104,-0.06274879932461772,-0.00028393298480295926,0.01517333984375,0.2
471,207.64500000000004,4706,1702.88,2220032,271,0.00011526400000000004,0.23182862997055054,2700,0.7739145133789862,0.4221199154853821,0.0014118617,-0.06125387258653063,-0.0005902098549086076,0.01456298828125,0.2
473,199.3,4705,1635.45,2228224,272,0.00011198719999999996,0.6952166259288788,2710,0.059839693657704626,0.02899402193725109,0.0018830035,-0.05332078713545343,-0.00028328887028692404,0.015478515625,0.2
475,200.94300000000004,4703,1648.73,2236416,273,0.00010871039999999998,0.29107362031936646,2720,1.7212629705027211,0.83600252866745,0.0008087272,-0.08248831274249824,-0.0015176762289229374,0.01180419921875,0.2
477,203.83700000000005,4702,1672.18,2244608,274,0.00010543360000000002,0.12962812185287476,2730,0.7035474799937219,0.035499460995197296,0.0032959282,-0.059430572617566214,-0.0013982213356484863,0.02247314453125,0.2
479,206.89000000000004,4702,1696.86,2252800,275,0.00010215680000000004,0.5445242822170258,2740,0.344215852303023,0.08003173768520355,0.0009957547,-0.0605980491709488,-0.0005813753635266039,0.0129638671875,0.2
480,213.134,4702,1747.33,2260992,276,9.887999999999997e-05,0.5603567063808441,2750,0.5554779616810265,0.6923851370811462,0.0015904659,-0.0662803869410709,-0.0006603967014143563,0.01693115234375,0.2
482,211.016,4701,1730.29,2269184,277,9.56032e-05,0.6362463533878326,2760,0.42960041407495736,0.11332183331251144,0.0014583131,-0.06378752582386368,-0.0005842086587108497,0.01480712890625,0.2
484,211.016,4701,1730.29,2277376,278,9.232640000000004e-05,0.4467735290527344,2770,0.384109935091692,0.01471194252371788,0.0017424776,-0.05744939544492809,-0.00036927425626345214,0.01612548828125,0.2
486,224.417,4700,1838.47,2285568,279,8.904959999999995e-05,0.4281342625617981,2780,0.026282294912380166,0.01835203543305397,0.0021729583,-0.0534542341123597,-0.000272901089010702,0.0139404296875,0.2
488,225.08599999999998,4699,1843.9,2293760,280,8.577279999999998e-05,0.5640870332717896,2790,0.6272551819783985,0.9833812117576599,0.001100583,-0.06650009485310875,-0.0005413800843598437,0.01048583984375,0.2
489,232.90300000000002,4698,1906.95,2301952,281,8.249600000000002e-05,0.778739720582962,2800,0.1485103521757992,0.018607735633850098,0.0010959143,-0.06069485048283241,7.01411596764956e-05,0.0106201171875,0.2
491,232.08500000000004,4697,1900.3,2310144,282,7.921920000000004e-05,0.17470037937164307,2810,0.3652993363561109,0.04167259484529495,0.0017595777,-0.06092024101817515,-0.0001365612825793505,0.014990234375,0.2
493,242.99400000000006,4695,1988.33,2318336,283,7.594239999999997e-05,0.5598915219306946,2820,0.24269398094911593,0.08574342727661133,0.0009168913,-0.058991325875831536,0.00011180779811184038,0.0115478515625,0.2
495,245.074,4695,2005.08,2326528,284,7.26656e-05,0.1905902624130249,2830,0.35169185506674694,0.012506050057709217,0.0012295435,-0.05797154299507383,-0.00035233770295235446,0.00994873046875,0.2
497,249.611,4695,2041.72,2334720,285,6.938880000000004e-05,0.45559167861938477,2840,0.24869528499621082,0.0028669964522123337,0.00075466576,-0.057422741346090336,-0.0003008384197528358,0.0082763671875,0.2
499,249.611,4694,2041.72,2342912,286,6.611199999999995e-05,0.3692023754119873,2850,0.585306841864076,0.6150311827659607,0.0011581703,-0.058610382311962896,-0.0010406530093860055,0.00975341796875,0.2
500,256.291,4694,2095.56,2351104,287,6.283519999999998e-05,0.4741330146789551,2860,0.02525642719119787,0.007536756340414286,0.0009259977,-0.05643034394706774,-0.0004760698943755415,0.008984375,0.2
502,258.528,4694,2113.61,2359296,288,5.9558400000000016e-05,0.42309319972991943,2870,0.2456975342654914,0.12380726635456085,0.0014168713,-0.061351617806212747,-0.0015165746569437033,0.01231689453125,0.2
504,261.32800000000003,4693,2136.21,2367488,289,5.628160000000004e-05,0.15031450986862183,2880,0.37007307562453207,0.19430884718894958,0.00095379434,-0.05790869099873817,-7.594984008392202e-05,0.009619140625,0.2
506,275.043,4693,2246.9,2375680,290,5.3004799999999964e-05,0.24750012159347534,2890,0.18572926232882309,-0.00021802913397550583,0.0006164417,-0.06100121191193466,-0.0005779645402981259,0.0076416015625,0.2
507,278.25700000000006,4693,2272.83,2383872,291,4.9727999999999996e-05,0.3081361651420593,2900,0.5652332207726432,0.0891210213303566,0.00056939514,-0.0655349631444551,-0.0009575106097145181,0.00584716796875,0.2
509,273.622,4693,2235.39,2392064,292,4.645120000000003e-05,0.5849512219429016,2910,0.270760497856827,0.12135715782642365,0.00052209565,-0.06109180484963872,-0.00021984876229907968,0.005810546875,0.2
511,280.618,4693,2291.85,2400256,293,4.317439999999995e-05,0.5452651679515839,2920,0.24302148111892166,0.039779916405677795,0.00072659145,-0.0582714287811541,-0.0006748843224158918,0.0074951171875,0.2
513,291.281,4693,2377.87,2408448,294,3.9897599999999975e-05,0.5241897702217102,2930,0.34141994330711894,0.8802788257598877,0.00054559513,-0.061941465367999625,-0.00017209387888215134,0.00504150390625,0.2
514,291.07399999999996,4693,2376.16,2416640,295,3.662080000000001e-05,0.3307987451553345,2940,0.8504346232468378,0.04350173473358154,0.0005991074,-0.06668730939854868,-0.0006786082682083361,0.0086669921875,0.2
516,288.961,4693,2358.99,2424832,296,3.334400000000004e-05,0.6322292983531952,2950,0.31792792024352823,0.04806089028716087,0.00081768516,-0.06284199203364552,-0.0008312130209105817,0.00771484375,0.2
518,289.23800000000006,4693,2361.22,2433024,297,3.0067199999999962e-05,0.1574254035949707,2960,0.8192320378133445,0.3486948609352112,0.000565721,-0.06227535163634457,-0.0009359612513435422,0.0048828125,0.2
520,289.11899999999997,4693,2360.3,2441216,298,2.6790399999999993e-05,0.25292712450027466,2970,0.6340979139626143,0.0197311919182539,0.00068597,-0.056454380154173124,-0.0013488405595126097,0.00723876953125,0.2
521,295.278,4694,2410.01,2449408,299,2.3513600000000025e-05,0.2738432288169861,2980,0.19848758037696826,0.01885686069726944,0.0006457127,-0.05658009804901667,-0.00013276401341499877,0.00657958984375,0.2
523,295.278,4694,2410.01,2457600,300,2.0236800000000057e-05,0.26106929779052734,2990,0.19542211088155453,0.01007008645683527,0.0006495319,-0.05763705162607948,-0.0008424114662375359,0.00570068359375,0.2
525,309.946,4693,2528.34,2465792,301,1.6959999999999977e-05,0.7745124995708466,3000,0.01524475610749505,0.0052748494781553745,0.0006450509,-0.05198228378285421,-0.0008105601896204462,0.0052734375,0.2
527,316.96500000000003,4693,2585.03,2473984,302,1.3683200000000006e-05,0.18240225315093994,3010,0.47847519218412343,0.020066067576408386,0.00031293175,-0.062362429893983065,-0.0006638311093411176,0.004541015625,0.2
528,317.357,4693,2588.23,2482176,303,1.0406400000000038e-05,0.46138375997543335,3020,0.23352791720208188,0.007177121005952358,0.00042482076,-0.05571939278888749,-0.0005188862995964882,0.00496826171875,0.2
530,336.094,4694,2739.51,2490368,304,7.129599999999958e-06,0.3041245937347412,3030,0.1931150471431465,0.006024051457643509,0.0002737707,-0.05332407335990865,-0.00022400588995878933,0.00155029296875,0.2
532,334.982,4694,2730.46,2498560,305,3.85279999999999e-06,0.526111900806427,3040,0.4170189946060418,0.11091703921556473,3.715255e-05,-0.05790461388969561,-5.04152106714173e-05,0.0,0.2
533,339.80400000000003,4694,2769.5,2506752,306,5.760000000000209e-07,0.3578276038169861,3050,0.9134093677457713,1.1847299337387085,3.142868e-05,-0.06637975226331036,-0.00016787669837867725,0.0,0.2
