time/total_timesteps,time/time_elapsed,rollout/ep_rew_mean,time/fps,rollout/ep_len_mean,time/iterations,train/entropy_loss,train/value_loss,train/clip_range,train/explained_variance,train/policy_gradient_loss,train/loss,train/n_updates,train/learning_rate,train/clip_fraction,train/approx_kl
8192,0,9.0,23835,101.0,1,,,,,,,,,,
16384,1,9.0,9193,101.0,2,-0.6864701942075044,0.06479057443684724,0.2,0.21741056442260742,-0.00011663052755466197,0.00401898380368948,10,0.0003,0.00677490234375,0.00550111
24576,3,9.0,7710,101.0,3,-0.6876381554640829,0.009095848046945321,0.2,0.8491081744432449,-0.0023835124975448707,-0.03197929635643959,20,0.0003,0.07762451171875,0.008504953
32768,4,9.0,7116,101.0,4,-0.6622367328498513,0.004253230224412619,0.2,0.9537992067635059,-0.0009356178237794665,-0.009224395267665386,30,0.0003,0.0358642578125,0.009860319
40960,6,9.0,6814,101.0,5,-0.6369845085311681,0.0030381675859416646,0.2,0.9853838942945004,-0.0005589503634837456,0.0030889573972672224,40,0.0003,0.0123291015625,0.008633525
49152,7,9.0,6618,101.0,6,-0.6615701536647975,0.0008388554654857217,0.2,0.9958140053786337,-0.0033286943635175703,0.036178167909383774,50,0.0003,0.18323974609375,0.014552434
57344,8,9.0,6482,101.0,7,-0.6814143722411246,0.0014826118616610984,0.2,0.9985989342676476,-0.0035393594531342386,-0.0058171097189188,60,0.0003,0.04320068359375,0.0098023955
65536,10,9.0,6379,101.0,8,-0.6779061062727123,0.0018829216622179956,0.2,0.9993268784601241,-0.007369575458869804,0.02527770958840847,70,0.0003,0.0784912109375,0.014237657
73728,11,9.0,6293,101.0,9,-0.6513997563626617,0.002489941810972596,0.2,0.9992589439498261,-0.01339760015362117,0.013467260636389256,80,0.0003,0.13956298828125,0.0152457785
81920,13,9.0,6222,101.0,10,-0.6058524653781205,0.0034828022546207647,0.2,0.998994157765992,-0.01257347484715865,-0.025811975821852684,90,0.0003,0.1731201171875,0.012872645
90112,14,8.8,6172,98.91,11,-0.558083986165002,0.008397551814778127,0.2,0.997420939616859,-0.008490367088961647,-0.02277090772986412,100,0.0003,0.12410888671875,0.009979686
98304,16,8.985,6140,100.76,12,-0.4963391595054418,0.12482444930283236,0.2,0.9604512266814709,-0.003796355288250197,0.09288595616817474,110,0.0003,0.08477783203125,0.012230901
106496,17,9.001,6110,101.01,13,-0.4278377793962136,0.03247211175948905,0.2,0.9907474014908075,-0.005384292364124121,0.02242918312549591,120,0.0003,0.0655029296875,0.0050602145
114688,18,9.058,6084,101.49,14,-0.3891441049752757,0.06242378473834833,0.2,0.9851797884330153,-0.004402654296063702,0.0394272655248642,130,0.0003,0.04906005859375,0.0035979617
122880,20,9.006,6064,100.7,15,-0.36126534892246126,0.09504804397001862,0.2,0.9760421812534332,-0.004541530257301929,0.0456085130572319,140,0.0003,0.044775390625,0.0031783367
131072,21,9.264,6045,102.74,16,-0.312066808831878,0.2119215153157711,0.2,0.9446995370090008,-0.0042565842195472214,0.08341629058122635,150,0.0003,0.068115234375,0.0058914763
139264,23,9.742,6029,106.8,17,-0.26841522437753157,0.20219410613644867,0.2,0.949938103556633,-0.0026290285535651493,0.1310415416955948,160,0.0003,0.038671875,0.0031298636
147456,24,9.382,6014,103.65,18,-0.22839253238635138,0.25880449522519483,0.2,0.9331774488091469,-0.0026796956941325333,0.15040798485279083,170,0.0003,0.030810546875,0.0029360252
155648,25,9.793,6000,106.5,19,-0.2049962460878305,0.30830310474848377,0.2,0.9251420497894287,-0.004550001477491605,0.13034026324748993,180,0.0003,0.04033203125,0.0028819
163840,27,10.068999999999999,5988,109.08,20,-0.20005606333725154,0.30756026718299834,0.2,0.9224503636360168,-0.002408527990701259,0.13857817649841309,190,0.0003,0.02913818359375,0.0019628603
172032,28,10.091000000000001,5978,109.39,21,-0.208518547762651,0.3480354277533479,0.2,0.9132462218403816,-0.0016496448301040801,0.14099471271038055,200,0.0003,0.02564697265625,0.0016554424
180224,30,10.32,5967,111.32,22,-0.20118527808226644,0.3616470321780071,0.2,0.9092135280370712,-0.002001920288967085,0.13485601544380188,210,0.0003,0.03077392578125,0.0018978987
188416,31,10.97,5947,116.38,23,-0.18490666325669736,0.37939606783911584,0.2,0.9005301967263222,-0.0012798703739463236,0.22697369754314423,220,0.0003,0.02462158203125,0.0018402659
196608,33,11.165999999999999,5928,117.62,24,-0.16426111914915964,0.41580429250607265,0.2,0.8877284154295921,-0.0015972406926266559,0.1707463413476944,230,0.0003,0.02158203125,0.0017690032
204800,34,12.122,5895,124.93,25,-0.14095344570814633,0.46816675799200314,0.2,0.8696023374795914,-0.0015877016914600973,0.1736658811569214,240,0.0003,0.022265625,0.003422508
212992,36,12.741999999999997,5872,130.32,26,-0.14913034478668125,0.5433598855510354,0.2,0.8410606682300568,-0.0016580659157625632,0.3242548108100891,250,0.0003,0.02275390625,0.0021034135
221184,37,12.703,5844,130.2,27,-0.1275248641264625,0.5899071003659628,0.2,0.8320454806089401,-0.00027259342386969364,0.1916772872209549,260,0.0003,0.02646484375,0.0020988544
229376,39,13.790999999999999,5835,139.01,28,-0.13723669621685985,0.563391717581544,0.2,0.8450962752103806,-0.0010357092196500162,0.23325318098068237,270,0.0003,0.03060302734375,0.0028350442
237568,40,14.017999999999999,5823,141.1,29,-0.12655325069499668,0.655152382212691,0.2,0.8015109300613403,-0.0007033009647784638,0.26726648211479187,280,0.0003,0.02796630859375,0.0025057723
245760,42,14.58,5803,145.46,30,-0.14013959085859823,0.7175173478201031,0.2,0.7961975038051605,-0.0009721408072437043,0.3497932255268097,290,0.0003,0.0305908203125,0.0026839967
253952,43,15.0,5783,148.76,31,-0.11337732734100428,0.6266467994544656,0.2,0.8164573162794113,3.079158523178194e-06,0.431585431098938,300,0.0003,0.0288818359375,0.0027235814
262144,45,14.821,5773,147.51,32,-0.10215050904080272,0.7010693533928134,0.2,0.817127451300621,0.0005427441588835791,0.27640366554260254,310,0.0003,0.0291015625,0.003933659
270336,46,15.024,5771,149.27,33,-0.10844769460672979,0.5631238754082005,0.2,0.8636550456285477,-2.1464458131958964e-05,0.20162364840507507,320,0.0003,0.0293701171875,0.002710143
278528,48,14.755999999999998,5766,147.31,34,-0.1109549753862666,0.5439889382803813,0.2,0.8695909529924393,0.0014620146404922707,0.35520750284194946,330,0.0003,0.0317626953125,0.0031738295
286720,49,16.054999999999996,5763,157.51,35,-0.10200367929937784,0.6667547530261799,0.2,0.8411423414945602,0.00014827320501353825,0.5483570694923401,340,0.0003,0.0294189453125,0.0040240823
294912,51,16.159000000000002,5762,158.01,36,-0.1012321175134275,0.5504111876245588,0.2,0.8696567118167877,0.001583785915408953,0.15132585167884827,350,0.0003,0.0283203125,0.003414868
303104,52,15.412,5761,152.07,37,-0.1011172063270351,0.5652702081832104,0.2,0.8792986050248146,0.0011867696850458743,0.1567310243844986,360,0.0003,0.030859375,0.0067752376
311296,54,15.269,5760,151.0,38,-0.1058300338248955,0.45074709893087855,0.2,0.9108993262052536,0.0011303550580123555,0.1399393230676651,370,0.0003,0.03179931640625,0.004997005
319488,55,15.481000000000002,5760,152.76,39,-0.09984675805608276,0.5150036078353878,0.2,0.8941695243120193,0.0001772128480297397,0.1627575159072876,380,0.0003,0.0306640625,0.002757097
327680,56,15.690000000000003,5756,154.4,40,-0.09261465325835161,0.5743556990171783,0.2,0.8883848711848259,6.767368086002534e-05,0.3771524131298065,390,0.0003,0.02867431640625,0.003442655
335872,58,16.351,5750,159.57,41,-0.09166855148505419,0.5484015720780008,0.2,0.8828364461660385,0.0009485839576882426,0.23256804049015045,400,0.0003,0.03001708984375,0.0029827333
344064,59,15.955,5742,156.42,42,-0.09589298586943187,0.6009168555960059,0.2,0.8832212686538696,0.0015340402783294849,0.3812922239303589,410,0.0003,0.03304443359375,0.0051427307
352256,61,15.568000000000001,5736,153.45,43,-0.09631246222561458,0.5076109230634757,0.2,0.901331901550293,0.0011129037806313137,0.19282329082489014,420,0.0003,0.0308349609375,0.0039720405
360448,62,15.915999999999999,5732,156.3,44,-0.09787571761844446,0.47901776969083587,0.2,0.9157247990369797,0.0018503022818549652,0.5490445494651794,430,0.0003,0.03084716796875,0.0026741398
368640,64,16.224,5730,158.66,45,-0.09204384941695025,0.4800823399331421,0.2,0.9042187407612801,0.001485563992173411,0.12222812324762344,440,0.0003,0.03170166015625,0.002340917
376832,65,14.923000000000002,5720,148.08,46,-0.08948171690426535,0.48703883424168454,0.2,0.904193677008152,0.0010218918139798916,0.16799049079418182,450,0.0003,0.02952880859375,0.0031362462
385024,67,16.012,5718,156.99,47,-0.084439060495788,0.6020051780971698,0.2,0.8908789902925491,0.0015763037747092313,0.23160521686077118,460,0.0003,0.0287353515625,0.003855499
393216,68,16.963,5718,164.52,48,-0.07705074300465639,0.46163203989854085,0.2,0.8966960459947586,0.0017546928566844144,0.3820733428001404,470,0.0003,0.0313232421875,0.0028258506
401408,70,16.906,5719,164.13,49,-0.06854054912910215,0.550163559988141,0.2,0.8788355812430382,0.0003175257744260307,0.44976377487182617,480,0.0003,0.0242431640625,0.0049315365
409600,71,16.488,5718,160.94,50,-0.0655201697085431,0.4532148076570593,0.2,0.916997492313385,0.000551671673929377,0.13006699085235596,490,0.0003,0.03359375,0.0058395416
417792,73,16.336,5710,159.69,51,-0.0658771785288991,0.5065966678899713,0.2,0.9035916104912758,0.0011971200387051796,0.2157796174287796,500,0.0003,0.02894287109375,0.0025414876
425984,74,15.87,5703,155.93,52,-0.06594284076418262,0.3581802120781504,0.2,0.9396906308829784,0.0008629363727777672,0.1407308429479599,510,0.0003,0.02689208984375,0.002594856
434176,76,16.035999999999998,5702,157.23,53,-0.06967613830493065,0.4857736734091304,0.2,0.9211367517709732,0.0017742386351528693,0.12275665998458862,520,0.0003,0.02791748046875,0.0021286774
442368,77,16.771,5703,163.14,54,-0.06195490863974555,0.38873286683228797,0.2,0.9282883107662201,0.0011229307677240285,0.18943935632705688,530,0.0003,0.02314453125,0.00226141
450560,78,17.208,5703,166.88,55,-0.05567831209118594,0.43507275778683835,0.2,0.9217981547117233,0.0013666113338331343,0.19619661569595337,540,0.0003,0.0228759765625,0.0027331263
458752,80,16.552,5704,161.76,56,-0.057486762748158074,0.6591257333057001,0.2,0.8809928745031357,0.002140397758830659,0.3026098310947418,550,0.0003,0.02706298828125,0.003863295
466944,81,16.32,5704,159.71,57,-0.06394546342562535,0.6009186885203235,0.2,0.8835816159844398,0.00018184852433478227,0.31535789370536804,560,0.0003,0.03284912109375,0.006238588
475136,83,16.552,5701,161.49,58,-0.06277476052709971,0.6902452648966573,0.2,0.8820918723940849,0.0011729730726074195,0.35590773820877075,570,0.0003,0.0310302734375,0.0059685367
483328,84,16.805999999999997,5700,163.58,59,-0.060319761381106216,0.6093809057259932,0.2,0.8965470939874649,0.00041385954482393573,0.5121883153915405,580,0.0003,0.02935791015625,0.0036591943
491520,86,16.803,5700,163.37,60,-0.06491983561281814,0.5473135492531582,0.2,0.9007747992873192,0.00044897402749484173,0.507235586643219,590,0.0003,0.03228759765625,0.00353973
499712,87,16.36,5696,159.75,61,-0.05756268764234847,0.5549248844385147,0.2,0.8979948610067368,0.0016160561161996157,0.36678823828697205,600,0.0003,0.0266357421875,0.003374543
507904,89,16.868000000000002,5694,164.11,62,-0.05594036267939373,0.6595102819846943,0.2,0.8888618722558022,0.00074151732314931,0.3463371992111206,610,0.0003,0.02738037109375,0.0049542133
516096,90,17.605,5693,170.22,63,-0.05763373819172557,0.4828199654177297,0.2,0.9243113324046135,0.0016818540921121894,0.2179383635520935,620,0.0003,0.029638671875,0.0022124443
524288,92,17.4,5691,168.44,64,-0.059968204460165,0.5232331688748673,0.2,0.917649045586586,0.001278024561361235,0.2240779548883438,630,0.0003,0.024853515625,0.0023986504
532480,93,16.477,5692,160.74,65,-0.05861481304673362,0.48146907943300904,0.2,0.9150998964905739,0.0013893110412936949,0.15519972145557404,640,0.0003,0.025732421875,0.0032410335
540672,94,15.694,5691,154.44,66,-0.05521067309491627,0.569349824578967,0.2,0.9097924903035164,0.0013219246722655953,0.11915303766727448,650,0.0003,0.0255615234375,0.0038478915
548864,96,16.143,5691,158.3,67,-0.05326423462283856,0.3374786549829878,0.2,0.9392555244266987,0.0020493586996963133,0.15261240303516388,660,0.0003,0.026708984375,0.0035321326
557056,97,16.964000000000002,5690,164.89,68,-0.05502318979924894,0.4748694999143481,0.2,0.9241496697068214,0.0015064148259625655,0.4240540564060211,670,0.0003,0.0269775390625,0.0058541703
565248,99,17.343999999999998,5691,167.88,69,-0.05400569325465767,0.45127287216018885,0.2,0.9256667494773865,0.0016875668243301334,0.18975503742694855,680,0.0003,0.0240478515625,0.0017870731
573440,100,17.537,5690,169.45,70,-0.056203241445473395,0.4795917819137685,0.2,0.9254690259695053,0.0015316498333049823,0.39880305528640747,690,0.0003,0.027587890625,0.004779421
581632,102,16.852999999999998,5691,163.96,71,-0.0528000251037156,0.4388098081573844,0.2,0.9298295825719833,0.0024225308762652275,0.2537457346916199,700,0.0003,0.027734375,0.002648384
589824,103,16.500999999999998,5691,161.25,72,-0.05377248611202958,0.5033978588529863,0.2,0.9210780039429665,0.002083153981220676,0.16789092123508453,710,0.0003,0.02457275390625,0.0026860088
598016,105,16.358999999999998,5692,160.1,73,-0.05314115283472347,0.5441242867615074,0.2,0.9058322608470917,0.0010185071747855546,0.17206256091594696,720,0.0003,0.02862548828125,0.0029762494
606208,106,16.641,5692,162.29,74,-0.05677404896559892,0.49246392025379465,0.2,0.9124202206730843,0.0006369570450260653,0.23355937004089355,730,0.0003,0.0287109375,0.004569104
614400,107,16.804000000000002,5692,163.56,75,-0.05714097969321301,0.36502349881920965,0.2,0.9239283502101898,0.0013204934746681829,0.12950152158737183,740,0.0003,0.0255859375,0.0034671053
622592,109,16.144999999999996,5693,158.14,76,-0.05636917816591449,0.43058163780369796,0.2,0.9225843474268913,0.0010381271923506573,0.15177364647388458,750,0.0003,0.02679443359375,0.0030050103
630784,110,16.26,5693,159.11,77,-0.05128636851877673,0.4924397580034565,0.2,0.9192016050219536,0.0020401534396114586,0.19846123456954956,760,0.0003,0.02960205078125,0.0048494935
638976,112,16.5,5693,161.15,78,-0.04941487269043136,0.4447731344378553,0.2,0.9264751896262169,0.0014195104080499733,0.2515632212162018,770,0.0003,0.02491455078125,0.0022024417
647168,113,16.495,5693,161.1,79,-0.050179978241794744,0.4577376384579111,0.2,0.9217963516712189,0.0011563048803509446,0.16775614023208618,780,0.0003,0.02322998046875,0.0056295833
655360,115,17.555999999999997,5694,169.64,80,-0.050788980508150415,0.3963308858277742,0.2,0.9320469051599503,0.0018220246814962594,0.1666845679283142,790,0.0003,0.0245361328125,0.0022674627
663552,116,18.2,5694,174.91,81,-0.05239315142462146,0.422073686553631,0.2,0.9212421253323555,0.0015282712307453038,0.25030797719955444,800,0.0003,0.02694091796875,0.0027733196
671744,117,18.0,5694,173.36,82,-0.05493230565916747,0.4918224644265138,0.2,0.9138632118701935,0.0013851947735020076,0.5188153982162476,810,0.0003,0.02318115234375,0.002506167
679936,119,17.480999999999998,5695,169.07,83,-0.05546732515686017,0.576921749371104,0.2,0.9009428843855858,0.0020731316855744806,0.22740967571735382,820,0.0003,0.0314453125,0.0018185761
688128,120,16.844,5695,163.78,84,-0.0570931512855168,0.49219935647561214,0.2,0.918620228767395,0.0011838726220048557,0.37191224098205566,830,0.0003,0.02838134765625,0.004662383
696320,122,17.203999999999997,5696,166.57,85,-0.049390670116463295,0.5039895877009257,0.2,0.9098460152745247,0.0019367936874914449,0.5451657176017761,840,0.0003,0.02410888671875,0.0050887936
704512,123,17.444000000000003,5696,168.61,86,-0.0481140479005262,0.42188475945731624,0.2,0.9329129382967949,0.002533640973342699,0.13257178664207458,850,0.0003,0.0271728515625,0.0030162458
712704,125,17.636,5697,170.08,87,-0.050492549593764126,0.33527008748496884,0.2,0.9461714401841164,0.0019098977523754,0.0664459615945816,860,0.0003,0.02379150390625,0.003976087
720896,126,17.598,5697,169.7,88,-0.049088477714849435,0.4746217167936265,0.2,0.9160129353404045,0.0011730846300451957,0.16814270615577698,870,0.0003,0.023828125,0.002618673
729088,127,16.211,5697,158.44,89,-0.048534107953355485,0.4455917745071929,0.2,0.9178661555051804,0.0011979804886323108,0.10286957770586014,880,0.0003,0.0307373046875,0.0040218662
737280,129,15.301999999999998,5697,150.88,90,-0.0488101247974555,0.3992854821844958,0.2,0.9309005737304688,0.0010015353245762526,0.40993237495422363,890,0.0003,0.02930908203125,0.0044478877
745472,130,15.726,5697,154.49,91,-0.04616711337221204,0.3586507766682189,0.2,0.9403464496135712,0.0003429409560339991,0.16780726611614227,900,0.0003,0.0296142578125,0.0049690083
753664,132,15.86,5690,155.74,92,-0.050466032705298855,0.35999444001936354,0.2,0.939109344035387,0.0017789435063605198,0.13499724864959717,910,0.0003,0.02742919921875,0.0027839714
761856,133,16.857,5691,163.64,93,-0.04514551932988979,0.4219092843530234,0.2,0.9327697604894638,0.0004968239283243747,0.07219277322292328,920,0.0003,0.027783203125,0.005699358
770048,135,17.029,5691,165.18,94,-0.045380523164385525,0.34907318603945897,0.2,0.9397193677723408,0.0019376564558115205,0.14287380874156952,930,0.0003,0.02342529296875,0.0025262446
778240,136,16.411,5691,160.44,95,-0.044924580458427954,0.35055889781797306,0.2,0.939574308693409,0.0012284402097066049,0.27158570289611816,940,0.0003,0.02606201171875,0.0048247343
786432,138,17.105,5690,166.03,96,-0.05094928666112537,0.31233114628703335,0.2,0.9495489485561848,0.0011447471912106265,0.1380739063024521,950,0.0003,0.02415771484375,0.0028753926
794624,139,17.503,5691,169.29,97,-0.051956899723154495,0.3795173480641097,0.2,0.931252583861351,0.0011896817467459187,0.31662431359291077,960,0.0003,0.02354736328125,0.0045909155
802816,141,17.562,5688,169.88,98,-0.05412853814959817,0.4540504812146537,0.2,0.9211373701691628,0.0011701259161782218,0.1820937693119049,970,0.0003,0.02357177734375,0.005074221
811008,142,17.653000000000002,5687,170.52,99,-0.05256066807414754,0.5602490294608288,0.2,0.896496444940567,0.000587585844550631,0.24481651186943054,980,0.0003,0.02381591796875,0.004046997
819200,144,17.674,5685,170.64,100,-0.05155943896916142,0.4415609333897009,0.2,0.921520009636879,0.0011788470531428174,0.37171515822410583,990,0.0003,0.02142333984375,0.0040780287
827392,145,16.771,5684,163.41,101,-0.052037230766291034,0.4612593948841095,0.2,0.9250704050064087,2.115470633725636e-05,0.19981828331947327,1000,0.0003,0.02298583984375,0.003415025
835584,147,16.683999999999997,5681,162.63,102,-0.05425590152372024,0.39901052857167085,0.2,0.9274831563234329,0.0013628546244945027,0.41646337509155273,1010,0.0003,0.0245849609375,0.0029369353
843776,148,17.910999999999998,5680,172.56,103,-0.05286861063759716,0.4935754836304113,0.2,0.9111917391419411,0.0011689531337651716,0.22789889574050903,1020,0.0003,0.0242919921875,0.005057038
851968,150,18.209,5674,175.09,104,-0.05582013357416145,0.6609328834223561,0.2,0.8698644489049911,0.000612132192691206,0.2109287679195404,1030,0.0003,0.02838134765625,0.0051281415
860160,151,17.208,5670,166.88,105,-0.05721315558948845,0.6375504253432155,0.2,0.8845428973436356,0.0015903685953162494,0.2980492413043976,1040,0.0003,0.02559814453125,0.0035439143
868352,153,16.956000000000003,5667,164.72,106,-0.06073464466826408,0.6320068006287329,0.2,0.8790621906518936,-0.0006766317143046763,0.14562098681926727,1050,0.0003,0.0300048828125,0.005467398
876544,154,18.339,5663,175.76,107,-0.06567095248392434,0.6705877129803411,0.2,0.8743468523025513,-0.000493669573279476,0.19726046919822693,1060,0.0003,0.032373046875,0.003293518
884736,156,18.885999999999996,5661,180.15,108,-0.05915458190938807,0.687200613913592,0.2,0.8419545590877533,0.0014170307760650758,0.3565199375152588,1070,0.0003,0.02904052734375,0.003554524
892928,157,18.121,5660,174.03,109,-0.05673451975781063,0.5444102234905586,0.2,0.8935630321502686,0.0004685706764576025,0.4583961069583893,1080,0.0003,0.02779541015625,0.0040886556
901120,159,17.699,5660,170.71,110,-0.056535672907193656,0.633442925044801,0.2,0.874990850687027,0.0016919070134463255,0.37926486134529114,1090,0.0003,0.02635498046875,0.004671126
909312,160,17.904,5661,172.4,111,-0.0612478236813331,0.6741532732034102,0.2,0.8749802112579346,-0.0005152437742253823,0.39230772852897644,1100,0.0003,0.03043212890625,0.0042210645
917504,162,19.333000000000002,5661,183.9,112,-0.058335368454572746,0.6453729911940173,0.2,0.8852390497922897,0.0017136072070570662,0.54527348279953,1110,0.0003,0.02867431640625,0.0045376215
925696,163,19.485000000000003,5661,185.15,113,-0.0642280978987401,0.667252965143416,0.2,0.8788935989141464,0.00037494591870199654,0.23622143268585205,1120,0.0003,0.02769775390625,0.0030179895
933888,164,19.337,5661,183.85,114,-0.06160890033788746,0.8701978101511486,0.2,0.8446832448244095,0.0009408916184838745,0.2219594419002533,1130,0.0003,0.02657470703125,0.0028986332
942080,166,19.951,5661,188.64,115,-0.05970262563059805,0.7401819735765457,0.2,0.8660973906517029,0.002220383583153307,0.45853307843208313,1140,0.0003,0.02706298828125,0.0030401926
950272,167,19.37,5661,184.09,116,-0.05736493050862919,0.7494748221011832,0.2,0.8546904176473618,0.0020729946185383597,0.37604787945747375,1150,0.0003,0.023095703125,0.004464969
958464,169,19.528000000000002,5661,185.22,117,-0.06364751677028835,1.0272716430481523,0.2,0.8182328045368195,0.00010589012536001973,0.3692214787006378,1160,0.0003,0.02784423828125,0.0052313907
966656,170,19.113,5661,181.79,118,-0.05905493442332954,0.7583922282792628,0.2,0.8584108054637909,0.0010422386629215907,0.4665810465812683,1170,0.0003,0.02840576171875,0.00283062
974848,172,20.290999999999997,5661,191.5,119,-0.058412008477171186,0.8800001669093035,0.2,0.8367674052715302,0.000847977428111335,0.3298986852169037,1180,0.0003,0.02410888671875,0.0037000696
983040,173,19.722,5661,186.89,120,-0.07856422963523073,0.902260345639661,0.2,0.830277293920517,0.0005106084254293819,0.38422948122024536,1190,0.0003,0.03218994140625,0.0042262543
991232,175,19.869,5661,188.09,121,-0.08049768504424719,0.8196004106663167,0.2,0.8494720458984375,0.0007411058346406208,0.5445821285247803,1200,0.0003,0.02691650390625,0.0029317068
999424,176,21.098000000000003,5661,198.04,122,-0.06596492775133811,0.9921919908374548,0.2,0.8118975013494492,0.0012559619526655297,0.8914538621902466,1210,0.0003,0.02652587890625,0.002449478
1007616,177,20.509,5661,193.23,123,-0.06499135912017664,1.0403528229449877,0.2,0.7907187044620514,0.0013876589823667018,0.4212091565132141,1220,0.0003,0.03095703125,0.0034780598
1015808,179,19.607,5661,185.92,124,-0.060219044437690175,0.8827677866443991,0.2,0.8366556167602539,0.0002447206659780932,0.2567019462585449,1230,0.0003,0.02969970703125,0.005987283
1024000,180,20.055999999999997,5662,189.51,125,-0.06131853434781078,0.686302901734598,0.2,0.8857696801424026,0.0007997290242201416,0.43769246339797974,1240,0.0003,0.03033447265625,0.0040426045
1032192,182,20.592,5662,193.61,126,-0.05785318615817232,0.953031886939425,0.2,0.8304748833179474,2.7109358052257447e-05,0.5120657682418823,1250,0.0003,0.032275390625,0.0058705606
1040384,183,19.842,5662,187.37,127,-0.05636690090104821,1.09541905161459,0.2,0.776154562830925,0.00015541964194198954,0.6646340489387512,1260,0.0003,0.027734375,0.003876531
1048576,185,22.416999999999998,5662,208.08,128,-0.060278309236309724,1.137870803871192,0.2,0.7834541648626328,0.0011408739188482286,0.3946821093559265,1270,0.0003,0.03297119140625,0.004972159
1056768,186,22.673999999999996,5662,210.02,129,-0.06276991531849489,1.2594922526506707,0.2,0.6985322833061218,0.00010765350498331827,0.8560354113578796,1280,0.0003,0.02861328125,0.0047461377
1064960,188,23.643,5662,218.0,130,-0.06492350889748195,0.9914978114888072,0.2,0.7228215038776398,0.0009694817945273826,0.5116204023361206,1290,0.0003,0.0337890625,0.008647835
1073152,189,25.453000000000003,5662,232.68,131,-0.060878497762678306,1.0402083198772742,0.2,0.7684246897697449,0.0012840417224651902,0.690687894821167,1300,0.0003,0.0324462890625,0.0037800109
1081344,190,25.286000000000005,5662,231.19,132,-0.06202646949641348,1.2091397050768138,0.2,0.7349024415016174,0.0004994098735551233,0.3579847812652588,1310,0.0003,0.03232421875,0.0053503728
1089536,192,25.752000000000002,5662,235.13,133,-0.05978791025190731,1.2265490365913139,0.2,0.7511200457811356,4.641410323529272e-05,0.3177821934223175,1320,0.0003,0.0306640625,0.003869229
1097728,193,26.829000000000004,5662,243.74,134,-0.057224831101484595,1.226550231827423,0.2,0.7061135470867157,0.0009013110398882418,0.5287615656852722,1330,0.0003,0.027783203125,0.004449815
1105920,195,28.604000000000006,5662,258.34,135,-0.06028238626458915,1.2249821594450623,0.2,0.7227584719657898,0.000338439710867533,0.2829618752002716,1340,0.0003,0.02840576171875,0.0022059528
1114112,196,30.937,5662,276.99,136,-0.058005375483480746,0.962115568795707,0.2,0.7701355218887329,0.001424678845614835,0.6191211342811584,1350,0.0003,0.029150390625,0.0054884413
1122304,198,30.238999999999997,5662,271.36,137,-0.07468954902724363,1.3716308299684896,0.2,0.6738317012786865,0.0003273010525845166,0.3444672226905823,1360,0.0003,0.03709716796875,0.009373215
1130496,199,32.534000000000006,5662,289.9,138,-0.08062114015192492,1.6166023524245248,0.2,0.6086516976356506,0.0008641227318548772,1.0732985734939575,1370,0.0003,0.03424072265625,0.0029832963
1138688,201,32.27400000000001,5661,287.84,139,-0.07954052679851883,1.3828218007227406,0.2,0.6649163365364075,0.0008587373653426766,0.5547287464141846,1380,0.0003,0.03115234375,0.005171719
1146880,202,33.751,5657,300.0,140,-0.07728607483295491,1.6925507543841376,0.2,0.563555508852005,0.002481186244312994,0.3860093355178833,1390,0.0003,0.03546142578125,0.002999432
1155072,204,34.684999999999995,5655,307.63,141,-0.08386122026568046,1.6772400290472433,0.2,0.5343923270702362,0.0020729382498757332,0.6478707194328308,1400,0.0003,0.0332275390625,0.0032612714
1163264,205,35.28999999999999,5650,312.42,142,-0.0945975998591166,1.5706856361823156,0.2,0.5844652652740479,0.0010805455953232014,0.9854083061218262,1410,0.0003,0.0439208984375,0.005172392
1171456,207,33.927,5647,301.22,143,-0.08644810548721579,1.7339066835353152,0.2,0.49895280599594116,5.030192369304132e-06,0.5396079421043396,1420,0.0003,0.0341796875,0.003070245
1179648,208,36.092,5646,318.64,144,-0.08675361326022539,1.8156798417679965,0.2,0.48297756910324097,0.0024348575351723412,0.590808093547821,1430,0.0003,0.04132080078125,0.0050189383
1187840,210,34.065999999999995,5645,302.25,145,-0.08065534679335543,1.659465962962713,0.2,0.4870869517326355,0.0010264751467730093,1.0051085948944092,1440,0.0003,0.03720703125,0.0064132526
1196032,211,37.412,5642,329.14,146,-0.08839428523206153,1.8291501608444378,0.2,0.5208050310611725,0.0002870109465220594,0.6291936039924622,1450,0.0003,0.03819580078125,0.0060397685
1204224,213,39.501999999999995,5642,346.17,147,-0.07981816406536382,1.2705323607311585,0.2,0.5480120778083801,0.0017690440880869574,0.5004417300224304,1460,0.0003,0.0299072265625,0.0033125482
1212416,214,40.169000000000004,5642,351.31,148,-0.0802945343661122,1.8340660662855952,0.2,0.3770098090171814,0.0008372178985155187,0.33649128675460815,1470,0.0003,0.03665771484375,0.0053546373
1220608,216,42.501999999999995,5642,369.96,149,-0.08797918917844072,1.518995741638355,0.2,0.5064302980899811,0.0001925790837049135,0.3143922686576843,1480,0.0003,0.03486328125,0.003595985
1228800,217,40.016,5642,349.78,150,-0.08766166230925591,1.5112851790850983,0.2,0.467903733253479,0.0017279121409046639,0.46000540256500244,1490,0.0003,0.0346923828125,0.0034586687
1236992,219,37.132,5640,326.52,151,-0.08703893414640333,1.6294033052283339,0.2,0.5083138942718506,-0.00016124253988891724,0.6455159187316895,1500,0.0003,0.0433349609375,0.00748079
1245184,220,39.083,5636,342.16,152,-0.09187318900367245,2.1277346884133292,0.2,0.4734371304512024,0.0023494069117077744,0.5011100769042969,1510,0.0003,0.0385009765625,0.004246087
1253376,222,40.171,5635,350.97,153,-0.08082323231064947,1.677323349751532,0.2,0.4792461395263672,0.00023963219773577294,0.8729989528656006,1520,0.0003,0.03707275390625,0.0043296386
1261568,223,40.66499999999999,5635,355.1,154,-0.08012770220084349,1.2497090728022158,0.2,0.5745241045951843,0.001332226200884179,0.3498193025588989,1530,0.0003,0.0323486328125,0.0032937524
1269760,225,41.09000000000001,5632,358.54,155,-0.0834186685649911,1.5989137802505866,0.2,0.5507730841636658,0.001246414045454003,0.43168607354164124,1540,0.0003,0.03179931640625,0.0036817282
1277952,226,47.74099999999999,5630,412.18,156,-0.08922436497523449,1.6241892438847572,0.2,0.5267347991466522,0.0010172471367695835,1.7736694812774658,1550,0.0003,0.03284912109375,0.008083134
1286144,228,48.63999999999999,5627,419.73,157,-0.07545632015026058,1.2139821849996224,0.2,0.5090768039226532,0.0013559254966367007,0.9571439027786255,1560,0.0003,0.03028564453125,0.00507221
1294336,230,49.573,5625,427.35,158,-0.09079996770597062,1.5269598892889917,0.2,0.4574069380760193,0.0025460698325332487,0.3098098933696747,1570,0.0003,0.03590087890625,0.0033972724
1302528,231,52.675,5622,452.43,159,-0.08322109477303456,1.314708695630543,0.2,0.5421246290206909,0.0014645167360868073,0.6884702444076538,1580,0.0003,0.035693359375,0.005138668
1310720,233,58.04600000000001,5618,495.61,160,-0.08010107183799846,0.8569946207629983,0.2,0.5101908445358276,0.00220774785066169,0.9159631729125977,1590,0.0003,0.039404296875,0.006215223
1318912,234,59.68599999999999,5618,508.68,161,-0.09603923087124713,1.5543754020007328,0.2,0.4189683794975281,0.0009459778169002675,1.831321120262146,1600,0.0003,0.040673828125,0.0039105276
1327104,236,58.119,5618,496.16,162,-0.08776508212031331,1.6530939538031817,0.2,0.416206419467926,0.0004972209645529802,0.5786432027816772,1610,0.0003,0.03341064453125,0.0045625
1335296,237,58.583999999999996,5616,500.0,163,-0.07907295772602083,1.3128365183598363,0.2,0.430619478225708,0.00023788279449945548,0.2679201662540436,1620,0.0003,0.03475341796875,0.004683934
1343488,239,60.903999999999996,5614,518.43,164,-0.07518023047159658,1.2595633023884147,0.2,0.49823957681655884,0.001265505857554672,0.46857696771621704,1630,0.0003,0.034130859375,0.008625496
1351680,240,55.945,5614,478.47,165,-0.08151117627276108,1.5899517362937332,0.2,0.22816604375839233,0.0017851989359769505,0.7987154722213745,1640,0.0003,0.04034423828125,0.0075952383
1359872,242,52.376999999999995,5614,449.9,166,-0.0817304934898857,1.3470521547249519,0.2,0.6224279999732971,0.0021938343438705488,0.48699167370796204,1650,0.0003,0.033740234375,0.007141472
1368064,243,52.84799999999999,5613,453.71,167,-0.0757685541830142,1.855643763160333,0.2,0.4917961359024048,0.0002675342429029115,1.2335997819900513,1660,0.0003,0.03602294921875,0.0065897726
1376256,245,52.78000000000001,5613,453.12,168,-0.08252061225211946,1.3807643193635157,0.2,0.6238606870174408,0.0004409841434608097,0.7267122268676758,1670,0.0003,0.0327392578125,0.0037787752
1384448,246,52.915,5613,454.02,169,-0.07653536966536194,1.1732030605315231,0.2,0.589695155620575,0.0032736701281010027,0.4609978199005127,1680,0.0003,0.034326171875,0.00237454
1392640,248,55.784,5611,477.31,170,-0.07529534144268837,1.2683703910093755,0.2,0.5264500975608826,0.0020499989468589774,0.19591279327869415,1690,0.0003,0.030810546875,0.0056315493
1400832,249,56.964,5611,486.77,171,-0.07714870210911613,0.9631825248943642,0.2,0.5415403544902802,0.0001366200546726759,0.277201384305954,1700,0.0003,0.03538818359375,0.00398709
1409024,251,56.87999999999999,5611,485.84,172,-0.07203258566296426,1.4326641482417473,0.2,0.5350980460643768,0.001919624413130805,1.1509788036346436,1710,0.0003,0.0348876953125,0.007016252
1417216,252,57.382,5611,489.96,173,-0.07959476134274154,2.1626005715690555,0.2,0.44301044940948486,-9.839106578510837e-05,0.8048415780067444,1720,0.0003,0.0306640625,0.0040344736
1425408,254,54.085,5609,463.47,174,-0.06812765903887338,1.4662760659935885,0.2,0.5797547996044159,0.0013158737347112037,0.9181326031684875,1730,0.0003,0.03580322265625,0.0059442488
1433600,255,57.942,5608,494.75,175,-0.07412061154827825,1.5729214331833645,0.2,0.5910806059837341,0.0006778264154490898,0.9109789729118347,1740,0.0003,0.0348388671875,0.0055262893
1441792,257,53.215999999999994,5607,456.76,176,-0.07161522338865325,1.0344677630695513,0.2,0.5282366275787354,-0.00017769807982404018,0.4226316809654236,1750,0.0003,0.0399169921875,0.0055186427
1449984,258,56.456,5606,482.95,177,-0.07714266197290272,1.2306852375157178,0.2,0.5947700142860413,0.0013131317116858554,0.1879456341266632,1760,0.0003,0.038720703125,0.006094682
1458176,260,61.489,5606,523.74,178,-0.07705531119718216,1.316084010573104,0.2,0.4854060411453247,0.0017196549687469088,0.6179776191711426,1770,0.0003,0.037451171875,0.0060834633
1466368,261,65.01,5604,552.2,179,-0.07274469865078573,1.196800866466947,0.2,0.4604946970939636,0.000901979702484823,0.5345513224601746,1780,0.0003,0.03165283203125,0.0040286477
1474560,263,64.279,5603,546.33,180,-0.07778652303532,1.3162252117181197,0.2,0.5578784346580505,0.0008993437424578588,0.7517431974411011,1790,0.0003,0.0353759765625,0.0035407995
1482752,264,68.47099999999999,5602,580.06,181,-0.08206188478070545,1.3092250673682428,0.2,0.5391247272491455,0.00035034796037507475,0.5264029502868652,1800,0.0003,0.04061279296875,0.00518147
1490944,266,66.247,5599,562.14,182,-0.0834153516596416,1.366672875569202,0.2,0.5443048477172852,0.0009577378657922963,0.674126148223877,1810,0.0003,0.03446044921875,0.004807865
1499136,267,62.77,5598,534.12,183,-0.08362173870264086,1.3939334140857682,0.2,0.617982029914856,0.0011069909110119625,1.1184676885604858,1820,0.0003,0.0321044921875,0.004774817
1507328,269,59.992000000000004,5596,511.65,184,-0.09484595236281165,1.9326578215463086,0.2,0.46121227741241455,-0.0005146698277712858,0.5759709477424622,1830,0.0003,0.03648681640625,0.003913268
1515520,270,60.208,5594,513.36,185,-0.08047304587962571,1.2787954995408655,0.2,0.603829950094223,0.001011816958362033,0.5358651876449585,1840,0.0003,0.0341796875,0.007330089
1523712,272,63.497,5594,539.86,186,-0.08321339151734719,1.212733564665541,0.2,0.4579738974571228,0.0022306422573819874,0.2504546344280243,1850,0.0003,0.03970947265625,0.004437622
1531904,273,61.86000000000001,5594,526.64,187,-0.0702482803259045,1.0213450730661862,0.2,0.5019841194152832,0.001959303595322126,0.13793762028217316,1860,0.0003,0.0296630859375,0.002661179
1540096,275,62.745,5594,533.78,188,-0.08404067131486954,1.5698848125059157,0.2,0.5301352739334106,0.0009124182904997724,0.23486103117465973,1870,0.0003,0.03458251953125,0.0040077907
1548288,276,64.191,5594,545.45,189,-0.08139982994907768,1.0587324668653308,0.2,0.6689616143703461,0.0017495913334641955,0.8726442456245422,1880,0.0003,0.0358642578125,0.006673989
1556480,278,64.27799999999999,5591,546.23,190,-0.08116318587417481,1.8196542813442647,0.2,0.3745044469833374,0.000659352678576397,0.5041065216064453,1890,0.0003,0.03275146484375,0.0041191876
1564672,279,65.994,5590,560.24,191,-0.07540580418644822,1.5974242517724633,0.2,0.4861738681793213,0.0006732706520779175,0.7328665852546692,1900,0.0003,0.0293212890625,0.0036218015
1572864,281,67.30099999999999,5589,570.79,192,-0.07696854811365483,1.1963467091787607,0.2,0.438016414642334,0.0016101275503388024,1.496575951576233,1910,0.0003,0.03118896484375,0.006400485
1581056,282,71.277,5587,602.9,193,-0.0726724823442055,0.9178446894860827,0.2,0.6035051941871643,0.000844002453959547,0.7751532196998596,1920,0.0003,0.02906494140625,0.0032316186
1589248,284,69.755,5587,590.56,194,-0.0691268557930016,0.8607145179877989,0.2,0.6135855317115784,0.0015316864298256406,0.24979999661445618,1930,0.0003,0.0302734375,0.0052437196
1597440,285,75.83200000000001,5585,639.54,195,-0.0721795432647923,1.502699974947609,0.2,0.5009075701236725,0.0009410288541403134,0.3255905508995056,1940,0.0003,0.03338623046875,0.0040477384
1605632,287,71.464,5584,604.05,196,-0.06703202334610978,1.006341206014622,0.2,0.5301202833652496,0.0017779384361347184,0.20770250260829926,1950,0.0003,0.03516845703125,0.0044475077
1613824,289,75.806,5584,638.92,197,-0.06907543507404626,1.6034755268134178,0.2,0.3576177954673767,0.001392726955236867,0.7991407513618469,1960,0.0003,0.03397216796875,0.0042618304
1622016,290,76.572,5582,644.96,198,-0.08645278254844016,1.5228430848103016,0.2,0.33099859952926636,0.0009921481079800288,0.8255703449249268,1970,0.0003,0.03714599609375,0.005627053
1630208,292,79.354,5582,667.38,199,-0.07851881766546284,1.125404977519065,0.2,0.5171981453895569,0.00326836430331241,0.4758147895336151,1980,0.0003,0.034130859375,0.004297546
1638400,293,84.89200000000001,5582,712.05,200,-0.0649236131030193,0.7250486477452796,0.2,0.16299772262573242,0.001910993201272504,0.2528066039085388,1990,0.0003,0.03175048828125,0.006607846
1646592,294,84.48100000000001,5582,708.66,201,-0.07298934650316369,0.8219259027740918,0.2,0.5806073248386383,-8.185889928427059e-05,0.49204352498054504,2000,0.0003,0.03062744140625,0.0050736666
1654784,296,85.03200000000001,5581,713.18,202,-0.06962824271904537,0.8601963321678341,0.2,0.6466701924800873,0.001642385570175975,0.28613007068634033,2010,0.0003,0.03043212890625,0.005078886
1662976,297,87.405,5582,732.5,203,-0.07065001353912521,1.0938477367570159,0.2,0.6045315265655518,0.002751126036673668,0.2985178530216217,2020,0.0003,0.0337890625,0.0033828923
1671168,299,88.47599999999998,5582,741.14,204,-0.07150118991776253,1.0153283051098696,0.2,0.6309735476970673,0.0027191341100660793,0.6680922508239746,2030,0.0003,0.0303466796875,0.0068299
1679360,300,87.76700000000001,5582,735.58,205,-0.06489400854479754,0.5997536502138245,0.2,0.7043155133724213,0.0025065076080863944,0.36349570751190186,2040,0.0003,0.03038330078125,0.003603953
1687552,302,89.79699999999998,5582,752.01,206,-0.0692797581650666,1.4140720506897195,0.2,0.5048430860042572,0.0012037417941883177,0.3770410716533661,2050,0.0003,0.02930908203125,0.0048469603
1695744,303,92.66,5583,775.06,207,-0.06783887359124492,1.1086352816433647,0.2,0.600851446390152,0.002388371245797316,0.730320394039154,2060,0.0003,0.0312255859375,0.004966105
1703936,305,81.441,5583,684.29,208,-0.06097192499510129,0.9686302964226343,0.2,0.6354855000972748,0.0017602127276404645,0.24681994318962097,2070,0.0003,0.027587890625,0.00409264
1712128,306,83.60999999999999,5583,701.75,209,-0.07276289024812285,1.8779753553913907,0.2,0.3729831576347351,-0.001363761185621115,0.4507792294025421,2080,0.0003,0.03131103515625,0.00441365
1720320,308,84.30699999999999,5584,707.19,210,-0.05826203361721127,0.9236592542845756,0.2,0.411196231842041,0.0008923368970499724,0.1745571345090866,2090,0.0003,0.03819580078125,0.007146225
1728512,309,85.11599999999999,5584,713.75,211,-0.06182654532603919,0.9941277275211178,0.2,0.44291210174560547,0.001799312180992274,0.13372400403022766,2100,0.0003,0.0349853515625,0.0053259865
1736704,310,86.318,5584,723.43,212,-0.06136661517011817,0.7967718792671803,0.2,0.6069760918617249,0.002861847384610883,0.640034019947052,2110,0.0003,0.0353271484375,0.005738628
1744896,312,84.973,5584,712.68,213,-0.06747109077186905,0.8091230577847455,0.2,0.6000383198261261,0.0014309373539617809,0.22316330671310425,2120,0.0003,0.0338134765625,0.0059947744
1753088,313,88.735,5585,743.01,214,-0.06796585117190261,0.8826112840964925,0.2,0.5925016403198242,0.0011979405426245648,0.14309479296207428,2130,0.0003,0.035400390625,0.0058080032
1761280,315,95.575,5585,798.18,215,-0.06077370330676786,0.5404377451050095,0.2,0.5745064318180084,0.002651805858113221,0.1275666356086731,2140,0.0003,0.03236083984375,0.0057437876
1769472,316,96.243,5585,803.6,216,-0.06277832765845233,0.9318585815257393,0.2,0.598852813243866,0.0007660611981918919,0.17134308815002441,2150,0.0003,0.0306640625,0.004569009
1777664,318,99.60900000000001,5585,830.87,217,-0.06732669650155003,0.9219309165026062,0.2,0.6490770578384399,0.0015605580072588054,0.3015352785587311,2160,0.0003,0.0310546875,0.0030138057
1785856,319,99.161,5585,827.38,218,-0.06436264804433449,0.9828567557269707,0.2,0.5431520044803619,0.001263683943579963,0.2114904820919037,2170,0.0003,0.02777099609375,0.0074121375
1794048,321,99.477,5586,830.09,219,-0.06797942394186976,0.9091760530951433,0.2,0.6682201325893402,0.0022038375846022973,0.4559382200241089,2180,0.0003,0.03037109375,0.005764883
1802240,322,101.94900000000001,5586,850.13,220,-0.06997724140746868,1.1185243418673054,0.2,0.5675453245639801,0.002344627684487932,0.1824684590101242,2190,0.0003,0.03072509765625,0.0031395776
1810432,324,100.63499999999998,5586,839.6,221,-0.05941832125608926,0.6270194063894451,0.2,0.5949858129024506,0.002261052337598812,0.1631784439086914,2200,0.0003,0.0289794921875,0.0031586105
1818624,325,98.60600000000001,5585,823.09,222,-0.06669360351224896,0.898776465083938,0.2,0.6076282262802124,0.002980250267455631,0.18476703763008118,2210,0.0003,0.02886962890625,0.0037808546
1826816,327,99.71499999999997,5585,832.02,223,-0.06905795964848949,1.4815165465697646,0.2,0.5879849493503571,0.0012794886692063302,1.0083568096160889,2220,0.0003,0.0264404296875,0.0027949014
1835008,328,97.11399999999999,5585,811.05,224,-0.06184515300556086,0.7442641352303326,0.2,0.6809450685977936,0.0019329309385284431,0.9095206260681152,2230,0.0003,0.029052734375,0.0051204036
1843200,330,98.60699999999999,5584,823.19,225,-0.06186884591988928,1.0972585285897367,0.2,0.5261851847171783,0.002204128092216706,0.15825241804122925,2240,0.0003,0.03131103515625,0.0042637414
1851392,331,91.652,5584,767.05,226,-0.06247242880053818,0.9019688504631631,0.2,0.4717472195625305,0.0014480726983492787,0.5487854480743408,2250,0.0003,0.0345458984375,0.0054644463
1859584,333,89.80199999999999,5582,751.88,227,-0.07702758203522535,1.7432708599604667,0.2,0.4353756308555603,-0.0008267113576948759,0.2529411315917969,2260,0.0003,0.036669921875,0.007007983
1867776,334,88.40099999999998,5582,740.3,228,-0.07687527883099392,1.4527122834464534,0.2,0.3529520630836487,0.0023005331757303795,0.58481764793396,2270,0.0003,0.03238525390625,0.0035404915
1875968,336,85.55699999999999,5582,717.17,229,-0.07713258599469555,1.0361134344129823,0.2,0.5998802483081818,0.0023275056329111975,0.5827764868736267,2280,0.0003,0.0324951171875,0.003974421
1884160,337,83.205,5582,698.15,230,-0.07112270612560678,0.9247903434908948,0.2,0.6391243040561676,0.0008921350331547728,0.3629258871078491,2290,0.0003,0.03333740234375,0.0053052865
1892352,338,77.37900000000002,5582,650.78,231,-0.07292915182479191,1.2573740308173,0.2,0.619725227355957,0.002450188374132267,0.37425610423088074,2300,0.0003,0.03536376953125,0.006571981
1900544,340,71.382,5582,602.06,232,-0.07635264706550515,1.5376711444929243,0.2,0.4348384737968445,-0.00058694387507785,0.4542689919471741,2310,0.0003,0.02978515625,0.003735857
1908736,341,71.881,5583,605.97,233,-0.07361566185209086,1.3297759658307768,0.2,0.5210025310516357,0.00010863093602893059,0.5687636733055115,2320,0.0003,0.03475341796875,0.0043931343
1916928,343,72.45499999999998,5583,610.54,234,-0.05926014120996115,1.191003998357337,0.2,0.4412616491317749,-9.193984783451015e-05,0.609079122543335,2330,0.0003,0.03714599609375,0.0067052557
1925120,344,76.586,5583,644.02,235,-0.059741165953164456,0.6522836856951472,0.2,0.6290747225284576,0.002367348637744726,0.1411951333284378,2340,0.0003,0.0308349609375,0.0037468742
1933312,346,70.664,5584,596.86,236,-0.07730661062378204,1.2829520083323587,0.2,0.43205350637435913,-0.0004587040376463847,0.4630874991416931,2350,0.0003,0.0392822265625,0.0062338747
1941504,347,66.447,5584,563.15,237,-0.08979579246515641,2.435275649582036,0.2,0.2009485363960266,-0.0006886076433147536,0.4661126136779785,2360,0.0003,0.03779296875,0.0069545056
1949696,349,69.62800000000001,5584,589.11,238,-0.07503434196551098,1.5350833351025357,0.2,0.32870662212371826,0.0004932305208058096,0.7585825324058533,2370,0.0003,0.0364013671875,0.004188164
1957888,350,73.665,5584,621.83,239,-0.06416021930344869,1.015644949756097,0.2,0.4839510917663574,0.0022074508283367322,0.20902405679225922,2380,0.0003,0.02744140625,0.004171066
1966080,352,77.36500000000001,5584,652.08,240,-0.06483445021003717,0.8205676482408307,0.2,0.6226311028003693,0.0025922256623744032,0.14314697682857513,2390,0.0003,0.033447265625,0.0037693472
1974272,353,73.042,5584,617.4,241,-0.0667426258296473,1.1107318841852247,0.2,0.6163119375705719,0.002235124566595914,0.913413941860199,2400,0.0003,0.029638671875,0.0072475914
1982464,354,73.83800000000001,5585,623.92,242,-0.08058700771362055,1.8773561872541904,0.2,0.3539851903915405,-3.1493749611399834e-05,0.4340715706348419,2410,0.0003,0.034716796875,0.0057313936
1990656,356,78.48400000000001,5585,661.47,243,-0.06754314256540965,0.9305749404418748,0.2,0.5131172835826874,0.0021023118820266973,0.32136663794517517,2420,0.0003,0.03309326171875,0.0076016393
1998848,357,80.874,5585,680.69,244,-0.06343977948272368,0.6078426864696667,0.2,0.6349174976348877,0.001653934682781255,0.14195625483989716,2430,0.0003,0.02967529296875,0.0044382927
2007040,359,86.709,5584,727.61,245,-0.07249678762163966,1.1177656598796601,0.2,0.6212907135486603,0.0005863961088834913,0.3485966920852661,2440,0.0003,0.03260498046875,0.0044760993
2015232,360,90.04099999999998,5585,754.36,246,-0.06656666971903177,1.0893346956465393,0.2,0.49567610025405884,0.0028109067991863414,0.4163575768470764,2450,0.0003,0.033544921875,0.0057554822
2023424,362,95.205,5585,795.92,247,-0.05796869330952177,0.4695766597986221,0.2,0.7187427580356598,0.0017851820954092545,0.2360164076089859,2460,0.0003,0.03173828125,0.0062029054
2031616,363,92.821,5585,776.58,248,-0.06254454819791136,0.9010523558128625,0.2,0.7538815140724182,0.0012549014229989552,0.5379929542541504,2470,0.0003,0.02701416015625,0.0035543363
2039808,365,92.221,5586,771.75,249,-0.06494528178191103,0.9449586619797629,0.2,0.5697852075099945,0.0034260701011589846,0.1536109745502472,2480,0.0003,0.03232421875,0.008372318
2048000,366,90.165,5586,755.06,250,-0.07457884826289955,1.6491461139637977,0.2,0.4342450499534607,-5.157413916094811e-05,1.2887531518936157,2490,0.0003,0.034375,0.006507421
2056192,368,90.65800000000002,5586,759.0,251,-0.08082970288378419,1.3014785443083383,0.2,0.5860668420791626,0.001254355439414212,0.8556420207023621,2500,0.0003,0.029150390625,0.0032862686
2064384,369,84.931,5586,712.8,252,-0.07749361198948464,1.2009841704624704,0.2,0.5776555836200714,0.0008909264425710717,1.1380560398101807,2510,0.0003,0.034912109375,0.00394517
2072576,370,84.777,5587,711.53,253,-0.07192110031246557,0.8899564151535742,0.2,0.7129655182361603,0.0014942882537070546,0.9608780145645142,2520,0.0003,0.03526611328125,0.0075542335
2080768,372,82.91799999999999,5587,696.63,254,-0.06593086913053411,0.7470895812381059,0.2,0.7667964100837708,0.0005778664877652773,0.1354272961616516,2530,0.0003,0.030859375,0.0027598103
2088960,373,74.483,5587,628.39,255,-0.06780480193483526,0.9564847928239033,0.2,0.7235368490219116,0.0014112393335381057,0.41610175371170044,2540,0.0003,0.030029296875,0.0030816062
2097152,375,73.067,5588,617.02,256,-0.07688084762339713,1.4749710361706092,0.2,0.6002496480941772,0.0008512325668561971,0.5344831347465515,2550,0.0003,0.0282470703125,0.0022477843
2105344,376,72.495,5588,612.2,257,-0.06978307540121023,1.338444548647385,0.2,0.6125667095184326,0.002195942064099654,0.7201597094535828,2560,0.0003,0.03221435546875,0.0041143727
2113536,378,72.152,5588,609.22,258,-0.06805066598608392,1.3121265826630406,0.2,0.6278545558452606,0.0012007631357846549,0.700207531452179,2570,0.0003,0.02928466796875,0.0031561991
2121728,379,73.73200000000001,5589,621.78,259,-0.06820191905717365,0.99451513804961,0.2,0.740241289138794,0.0008805755069261068,1.6744356155395508,2580,0.0003,0.032861328125,0.0040335115
2129920,381,75.48599999999999,5589,635.9,260,-0.0689274016811396,1.2512900451896711,0.2,0.5044131278991699,0.0007819152834599663,0.5633456110954285,2590,0.0003,0.03238525390625,0.0059096008
2138112,382,72.706,5589,613.5,261,-0.06172477275104029,1.2079420064226725,0.2,0.3992100954055786,0.0016686342795765086,0.7057863473892212,2600,0.0003,0.02796630859375,0.0055931816
2146304,383,73.658,5590,621.13,262,-0.06186046243601595,0.9815442893537693,0.2,0.5817162096500397,0.002100466987121763,0.1311974823474884,2610,0.0003,0.03138427734375,0.0053349044
2154496,385,78.538,5590,660.57,263,-0.06562277529737912,1.1615972209256142,0.2,0.6202478110790253,0.0007930315140583843,0.5737472176551819,2620,0.0003,0.0297607421875,0.0048094736
2162688,386,79.42,5590,667.59,264,-0.06706857487006346,0.8689732620783616,0.2,0.5288520455360413,0.0023208579692436614,0.26124677062034607,2630,0.0003,0.03670654296875,0.006427839
2170880,388,81.442,5590,683.85,265,-0.06417573927465128,0.9650083217537031,0.2,0.5693522691726685,0.0017747348608281755,0.3938230872154236,2640,0.0003,0.03182373046875,0.003268056
2179072,389,92.73299999999999,5590,774.98,266,-0.05542450400207599,0.553710629226407,0.2,0.46071165800094604,0.0020945293291333654,0.08053113520145416,2650,0.0003,0.03060302734375,0.0063321064
2187264,391,99.28399999999999,5590,827.98,267,-0.05873412925102457,0.7187517055659555,0.2,0.25095778703689575,0.00044637539776886114,1.0999795198440552,2660,0.0003,0.03385009765625,0.0046423487
2195456,392,100.86499999999998,5591,840.73,268,-0.06767985002661589,0.6023188990715426,0.2,0.6777180433273315,0.0017456695458349714,0.31928497552871704,2670,0.0003,0.02952880859375,0.00628071
2203648,394,105.165,5591,875.54,269,-0.07244202560395933,0.9940122646163218,0.2,0.5473750233650208,0.0019924991922380285,0.42599600553512573,2680,0.0003,0.0304931640625,0.005781742
2211840,395,108.83599999999998,5591,905.23,270,-0.06861364297074032,0.6397807097295299,0.2,0.6120125353336334,0.0019298290952065144,0.3471240997314453,2690,0.0003,0.03372802734375,0.0076087373
2220032,396,101.96700000000001,5592,849.95,271,-0.07012785307306331,0.919921198009979,0.2,0.6712531447410583,0.0012859211354225408,0.11302147805690765,2700,0.0003,0.03028564453125,0.0023903474
2228224,398,102.04199999999999,5592,850.52,272,-0.07840291798202088,1.5379654065938666,0.2,0.6107577383518219,0.0008017638474484556,0.5210837721824646,2710,0.0003,0.0336669921875,0.007630681
2236416,399,111.104,5592,923.68,273,-0.06371024816544377,0.45447972004185433,0.2,0.71831014752388,0.003715303586614027,0.1418014019727707,2720,0.0003,0.03394775390625,0.004124045
2244608,401,112.416,5593,934.28,274,-0.0587806666510005,0.6460031356749824,0.2,0.3332473039627075,0.0007066609071443963,0.37843936681747437,2730,0.0003,0.02998046875,0.0038339966
2252800,402,114.375,5593,950.09,275,-0.06467782470135716,0.8353064982744399,0.2,0.7153030335903168,0.0018039112303085858,0.3177984356880188,2740,0.0003,0.0346435546875,0.006544792
2260992,404,109.425,5593,910.13,276,-0.06419514886511024,0.7574853939178865,0.2,0.5809771120548248,0.002192190054392995,0.13221871852874756,2750,0.0003,0.02877197265625,0.0041790875
2269184,405,107.40700000000001,5593,893.91,277,-0.06860963084254763,1.1352253037213813,0.2,0.459216833114624,-0.00025628334769862705,0.2573297917842865,2760,0.0003,0.03226318359375,0.005845784
2277376,407,106.49900000000001,5594,886.63,278,-0.05391292849380989,0.44038413698435763,0.2,0.7315443754196167,0.0024839040207552897,0.05527165159583092,2770,0.0003,0.03013916015625,0.0038756668
2285568,408,103.48299999999999,5594,862.23,279,-0.05862312544340966,0.7518561105185654,0.2,0.6246540546417236,0.0009007300772282178,0.23077720403671265,2780,0.0003,0.02977294921875,0.004498863
2293760,409,105.06899999999997,5594,875.03,280,-0.05734118328691693,0.6608851464407053,0.2,0.7466951310634613,0.0004402555101478356,0.2085370272397995,2790,0.0003,0.02840576171875,0.004153972
2301952,411,112.24799999999999,5594,933.05,281,-0.0553957301810442,0.33720860608736986,0.2,0.69549760222435,0.0021159293652090127,0.125599205493927,2800,0.0003,0.02938232421875,0.0042345505
2310144,412,114.37599999999999,5595,950.19,282,-0.06504618796243448,0.7541938761773054,0.2,0.7113783657550812,0.0015570063739687612,0.2969991862773895,2810,0.0003,0.0321044921875,0.0038294937
2318336,414,116.32999999999998,5595,965.86,283,-0.06524174242658773,1.0051660141034517,0.2,0.6282795369625092,0.0015936206325022795,0.11050312966108322,2820,0.0003,0.0291015625,0.003312611
2326528,415,105.65899999999999,5595,879.85,284,-0.06255428461518023,1.0638599060010165,0.2,0.5798304378986359,0.0009889857628877508,0.12709571421146393,2830,0.0003,0.0279296875,0.007871544
2334720,417,107.02900000000001,5595,891.03,285,-0.07093816620035795,0.7043365698074922,0.2,0.7663940489292145,-0.001070409496605862,0.15512345731258392,2840,0.0003,0.04344482421875,0.014143918
2342912,418,105.789,5596,881.24,286,-0.07492692287632963,0.6266078268701676,0.2,0.7899307012557983,0.0012815554859116674,0.12731480598449707,2850,0.0003,0.0412109375,0.0057199285
2351104,420,94.78099999999999,5596,792.13,287,-0.07546765683218837,0.8097630399162881,0.2,0.6966496407985687,0.0015261165139236255,0.24204885959625244,2860,0.0003,0.03243408203125,0.00388609
2359296,421,94.645,5596,790.95,288,-0.08228835079062265,1.3562784888898023,0.2,0.6094831824302673,0.0005264857131805911,0.5047246813774109,2870,0.0003,0.03406982421875,0.0039617056
2367488,423,99.61400000000002,5596,831.1,289,-0.07339746832949459,1.2534028460155242,0.2,0.5700626373291016,0.0014901564120009426,0.6645124554634094,2880,0.0003,0.03983154296875,0.011346757
2375680,424,95.166,5597,795.17,290,-0.06306988594296854,0.6024485651229042,0.2,0.6287665963172913,0.0008241233535045467,0.20558464527130127,2890,0.0003,0.036083984375,0.0053130356
2383872,425,89.74199999999999,5597,751.46,291,-0.058211289849350575,0.6207753144553863,0.2,0.6837334930896759,0.0013771508475656446,0.10472384840250015,2900,0.0003,0.02686767578125,0.0053228345
2392064,427,95.331,5597,796.64,292,-0.06819171184615698,0.8366116051853169,0.2,0.6657064259052277,0.0010565054195467382,1.0679045915603638,2910,0.0003,0.03814697265625,0.008088985
2400256,428,97.733,5597,816.07,293,-0.0547734123923874,0.8058824443607591,0.2,0.6130444705486298,0.0016025843036004516,0.310051292181015,2920,0.0003,0.02862548828125,0.0048732413
2408448,430,102.10300000000001,5598,851.31,294,-0.05934612265045871,0.908886460843496,0.2,0.5439614951610565,0.0005631066360365367,0.15160194039344788,2930,0.0003,0.03228759765625,0.0066349856
2416640,431,102.402,5598,853.76,295,-0.05953104392028763,0.9776054394373205,0.2,0.40080726146698,0.0018434400668411398,0.3872012495994568,2940,0.0003,0.03271484375,0.007318672
2424832,433,105.77,5598,880.87,296,-0.06329134356128634,1.0574524487485177,0.2,0.5875144898891449,0.0009911483501127804,0.3653210699558258,2950,0.0003,0.0289306640625,0.0057351054
2433024,434,107.395,5598,893.97,297,-0.06104162618357804,0.5008944238245021,0.2,0.6594366729259491,0.001536815573945205,0.07966651767492294,2960,0.0003,0.02972412109375,0.0032586448
2441216,435,112.58399999999997,5599,935.87,298,-0.059200667609547966,0.6374238348507788,0.2,0.4902893304824829,0.0014735416129042279,1.455256462097168,2970,0.0003,0.0263916015625,0.003774933
2449408,437,115.45200000000001,5599,959.15,299,-0.06343266457188293,0.704697146784747,0.2,0.5274828970432281,0.000593276298877754,0.43315738439559937,2980,0.0003,0.0333251953125,0.0036446415
2457600,438,121.38599999999998,5599,1007.24,300,-0.05997005198005354,0.8336325889191357,0.2,0.16728121042251587,0.0008085732640211063,0.199800044298172,2990,0.0003,0.0240234375,0.0042203665
2465792,440,116.20700000000001,5599,965.44,301,-0.06662120802502614,1.233907808852382,0.2,0.48251527547836304,-0.000985723569920083,0.31790289282798767,3000,0.0003,0.03433837890625,0.00744371
2473984,441,116.53699999999999,5600,968.11,302,-0.06662766963927425,1.0197933324030601,0.2,0.5494936108589172,0.0021564203692832963,0.19340261816978455,3010,0.0003,0.03406982421875,0.006484186
2482176,443,120.53199999999998,5600,1000.32,303,-0.06649771643351414,0.6261887622240465,0.2,0.7405604720115662,0.0016001396828869475,0.09906088560819626,3020,0.0003,0.03040771484375,0.0052612787
2490368,444,117.66199999999999,5600,977.11,304,-0.07053974071022821,1.0241479728079868,0.2,0.4877259135246277,0.0008560332108572766,0.5959833860397339,3030,0.0003,0.03115234375,0.0060732784
2498560,446,117.30400000000002,5600,974.16,305,-0.06852384634112241,0.9304421557928435,0.2,0.4310765862464905,0.0008232090137425985,0.2325938642024994,3040,0.0003,0.03096923828125,0.005364929
2506752,447,114.465,5601,951.17,306,-0.07323120682995068,1.3615016893600114,0.2,0.3595174551010132,0.0006873198224639054,0.30103909969329834,3050,0.0003,0.0330078125,0.004509679
